pedestrian_id,start_unix_ts,speed_mps,profile_json,ean
649,1749704406,1.06,"{""type"": ""leisure""}",3273120011141
649,1749704406,1.06,"{""type"": ""leisure""}",3350030202316
118,1749704475,0.8,"{""type"": ""browser""}",
842,1749704699,1.07,,3760094310917
842,1749704699,1.07,,3760305040947
337,1749704843,1.63,"{""type"": ""business""}",3660014113478
143,1749704930,1.07,"{""type"": ""leisure""}",3267850000018
481,1749704954,1.69,"{""type"": ""rushed""}",3250391104017
274,1749705007,0.69,"{""type"": ""browser""}",
411,1749705028,1.98,"{""type"": ""rushed""}",
633,1749705038,0.95,,3602826450273
633,1749705038,0.95,,3564700469965
633,1749705038,0.95,,3353210019810
633,1749705038,0.95,,20381417
795,1749705106,1.04,"{""type"": ""leisure""}",7640134912119
795,1749705106,1.04,"{""type"": ""leisure""}",3560070936106
795,1749705106,1.04,"{""type"": ""leisure""}",3274470002261
795,1749705106,1.04,"{""type"": ""leisure""}",3042069711142
795,1749705106,1.04,"{""type"": ""leisure""}",3760039501813
497,1749705322,1.96,,
276,1749705323,1.89,"{""type"": ""rushed""}",3416180016101
798,1749705330,0.82,"{""type"": ""browser""}",
721,1749705383,1.97,"{""type"": ""rushed""}",3222477170513
663,1749705387,0.95,"{""type"": ""leisure""}",4062300288010
663,1749705387,0.95,"{""type"": ""leisure""}",3450970070782
663,1749705387,0.95,"{""type"": ""leisure""}",3781604505500
323,1749705426,0.89,"{""type"": ""browser""}",
595,1749705485,1.41,"{""type"": ""business""}",3245390068682
595,1749705485,1.41,"{""type"": ""business""}",3254560025745
526,1749705564,1.64,,5413415200302
951,1749705704,0.92,"{""type"": ""leisure""}",3256228975980
937,1749705857,1.2,"{""type"": ""leisure""}",8480017119940
937,1749705857,1.2,"{""type"": ""leisure""}",3432130000013
937,1749705857,1.2,"{""type"": ""leisure""}",3596710338351
937,1749705857,1.2,"{""type"": ""leisure""}",3560070351237
56,1749705950,1.55,"{""type"": ""business""}",3419390003541
410,1749705966,0.67,"{""type"": ""browser""}",
882,1749706025,1.47,"{""type"": ""business""}",
878,1749706033,1.47,"{""type"": ""business""}",3434350006394
1,1749706039,1.9,"{""type"": ""rushed""}",
86,1749706082,1.63,"{""type"": ""business""}",3321950019636
86,1749706082,1.63,"{""type"": ""business""}",3456300015409
927,1749706153,1.19,"{""type"": ""leisure""}",3323790322181
927,1749706153,1.19,"{""type"": ""leisure""}",00125437
927,1749706153,1.19,"{""type"": ""leisure""}",3416185015499
927,1749706153,1.19,"{""type"": ""leisure""}",3282946015837
967,1749706192,1.13,"{""type"": ""leisure""}",3416180016217
967,1749706192,1.13,"{""type"": ""leisure""}",3596710404483
933,1749706244,1.08,"{""type"": ""leisure""}",3329630926502
933,1749706244,1.08,"{""type"": ""leisure""}",7640134912119
712,1749706331,0.88,"{""type"": ""browser""}",
674,1749706449,1.41,"{""type"": ""business""}",3222476416599
26,1749706458,1.61,"{""type"": ""business""}",
444,1749706522,0.65,"{""type"": ""browser""}",
860,1749706543,0.99,"{""type"": ""leisure""}",3700105267007
860,1749706543,0.99,"{""type"": ""leisure""}",3185370045008
860,1749706543,0.99,"{""type"": ""leisure""}",7640134912119
646,1749706703,1.55,"{""type"": ""business""}",3421557501678
930,1749706758,0.91,"{""type"": ""leisure""}",3018334600008
930,1749706758,0.91,"{""type"": ""leisure""}",7613034121424
930,1749706758,0.91,"{""type"": ""leisure""}",3760270250044
930,1749706758,0.91,"{""type"": ""leisure""}",3256220610667
930,1749706758,0.91,"{""type"": ""leisure""}",3781604505500
578,1749706802,1.52,"{""type"": ""business""}",3760164860472
578,1749706802,1.52,"{""type"": ""business""}",3222473613571
949,1749706825,1.68,,3258561412924
686,1749706873,1.49,,
583,1749707015,0.89,,
862,1749707078,1.01,"{""type"": ""leisure""}",3398980035899
862,1749707078,1.01,"{""type"": ""leisure""}",26003146
89,1749707091,1.0,"{""type"": ""leisure""}",4056489028994
89,1749707091,1.0,"{""type"": ""leisure""}",3261342003723
89,1749707091,1.0,"{""type"": ""leisure""}",3560070218196
89,1749707091,1.0,"{""type"": ""leisure""}",3660992002764
626,1749707169,1.15,"{""type"": ""leisure""}",7622210309747
626,1749707169,1.15,"{""type"": ""leisure""}",5420019838428
626,1749707169,1.15,"{""type"": ""leisure""}",7617014161301
128,1749707260,1.73,"{""type"": ""rushed""}",3245390064165
202,1749707263,1.76,"{""type"": ""rushed""}",
48,1749707289,0.6,"{""type"": ""browser""}",
762,1749707423,0.93,,5410228195825
762,1749707423,0.93,,3270160235322
762,1749707423,0.93,,3596710496303
299,1749707472,1.19,"{""type"": ""leisure""}",1704225440007
299,1749707472,1.19,"{""type"": ""leisure""}",3560071453534
299,1749707472,1.19,"{""type"": ""leisure""}",3350030182793
299,1749707472,1.19,"{""type"": ""leisure""}",3760155712056
421,1749707608,1.1,"{""type"": ""leisure""}",3560070943968
421,1749707608,1.1,"{""type"": ""leisure""}",2011000019006
421,1749707608,1.1,"{""type"": ""leisure""}",5410228217831
469,1749707630,1.9,"{""type"": ""rushed""}",3483981000844
524,1749707699,0.75,"{""type"": ""browser""}",
82,1749707813,2.0,"{""type"": ""rushed""}",3257984370538
406,1749707851,1.67,"{""type"": ""rushed""}",
544,1749707877,1.1,"{""type"": ""leisure""}",3267850000018
544,1749707877,1.1,"{""type"": ""leisure""}",2850633032934
644,1749707927,0.91,"{""type"": ""leisure""}",3760086158596
644,1749707927,0.91,"{""type"": ""leisure""}",3257984437972
644,1749707927,0.91,"{""type"": ""leisure""}",3560070928286
644,1749707927,0.91,"{""type"": ""leisure""}",3270160385430
691,1749707947,1.72,"{""type"": ""rushed""}",
522,1749707976,0.6,"{""type"": ""browser""}",
861,1749707992,1.81,"{""type"": ""rushed""}",3268650005074
883,1749708006,1.53,"{""type"": ""business""}",
239,1749708031,0.85,"{""type"": ""browser""}",
898,1749708234,1.39,"{""type"": ""business""}",3560070928194
413,1749708325,1.19,"{""type"": ""leisure""}",9002490100490
413,1749708325,1.19,"{""type"": ""leisure""}",3560071457693
314,1749708361,1.09,"{""type"": ""leisure""}",0200116021849
314,1749708361,1.09,"{""type"": ""leisure""}",7617014166474
314,1749708361,1.09,"{""type"": ""leisure""}",3245414394155
314,1749708361,1.09,"{""type"": ""leisure""}",3250392489502
314,1749708361,1.09,"{""type"": ""leisure""}",3560070888160
394,1749708362,1.63,"{""type"": ""business""}",5401029125494
582,1749708519,0.98,,0088009150612
582,1749708519,0.98,,3323790303807
16,1749708563,1.02,"{""type"": ""leisure""}",1202259180000
16,1749708563,1.02,"{""type"": ""leisure""}",2030507984778
16,1749708563,1.02,"{""type"": ""leisure""}",3596710497485
16,1749708563,1.02,"{""type"": ""leisure""}",3245678127377
16,1749708563,1.02,"{""type"": ""leisure""}",3113930600701
165,1749708565,1.49,"{""type"": ""business""}",3760186971538
425,1749708625,1.41,"{""type"": ""business""}",3560070440191
425,1749708625,1.41,"{""type"": ""business""}",3149330008168
499,1749708678,1.15,"{""type"": ""leisure""}",3596710507580
499,1749708678,1.15,"{""type"": ""leisure""}",7640134912119
499,1749708678,1.15,"{""type"": ""leisure""}",7613034121424
935,1749708692,0.86,"{""type"": ""browser""}",
722,1749708734,1.67,"{""type"": ""rushed""}",14781865
705,1749708764,0.72,"{""type"": ""browser""}",
228,1749708806,1.42,"{""type"": ""business""}",20381417
228,1749708806,1.42,"{""type"": ""business""}",3254560563179
293,1749708809,1.38,"{""type"": ""business""}",
913,1749708878,0.93,"{""type"": ""leisure""}",3073416101224
913,1749708878,0.93,"{""type"": ""leisure""}",3277393400015
913,1749708878,0.93,"{""type"": ""leisure""}",3560071134754
913,1749708878,0.93,"{""type"": ""leisure""}",5400606002210
913,1749708878,0.93,"{""type"": ""leisure""}",3065620001063
287,1749708923,0.9,,
819,1749709014,1.52,"{""type"": ""business""}",3483939801059
775,1749709048,1.14,"{""type"": ""leisure""}",3760305040961
775,1749709048,1.14,"{""type"": ""leisure""}",3760305040947
775,1749709048,1.14,"{""type"": ""leisure""}",8414100357100
775,1749709048,1.14,"{""type"": ""leisure""}",3250391331192
775,1749709048,1.14,"{""type"": ""leisure""}",3263855093215
615,1749709143,1.5,"{""type"": ""business""}",3760191090149
417,1749709294,1.63,"{""type"": ""business""}",
452,1749709315,1.51,"{""type"": ""business""}",
326,1749709539,1.8,,4062300217256
186,1749709554,1.02,"{""type"": ""leisure""}",3760149510071
186,1749709554,1.02,"{""type"": ""leisure""}",3274080005003
186,1749709554,1.02,"{""type"": ""leisure""}",3421557501272
461,1749709574,1.02,"{""type"": ""leisure""}",3560070940219
318,1749709683,0.8,,
168,1749709694,1.0,,3323790303791
168,1749709694,1.0,,7640134912119
362,1749709817,1.07,"{""type"": ""leisure""}",3599740009628
362,1749709817,1.07,"{""type"": ""leisure""}",3222475634291
194,1749709926,0.75,,
731,1749709990,1.81,"{""type"": ""rushed""}",3329770058682
22,1749710013,0.82,"{""type"": ""browser""}",
890,1749710041,1.66,"{""type"": ""rushed""}",0209558017717
852,1749710067,0.72,"{""type"": ""browser""}",
612,1749710091,0.9,"{""type"": ""browser""}",
779,1749710333,1.69,"{""type"": ""rushed""}",
580,1749710334,1.02,,8690504519096
580,1749710334,1.02,,4011740000164
580,1749710334,1.02,,20977993
580,1749710334,1.02,,3700105267007
580,1749710334,1.02,,2850633032934
912,1749710349,0.94,"{""type"": ""leisure""}",3222472948469
912,1749710349,0.94,"{""type"": ""leisure""}",3419390003541
912,1749710349,0.94,"{""type"": ""leisure""}",8712100675119
556,1749710425,1.0,"{""type"": ""leisure""}",20711528
556,1749710425,1.0,"{""type"": ""leisure""}",3560070275328
621,1749710495,1.47,"{""type"": ""business""}",7617014164692
621,1749710495,1.47,"{""type"": ""business""}",3560071257514
3,1749710540,1.42,"{""type"": ""business""}",3760305040947
3,1749710540,1.42,"{""type"": ""business""}",3302740047534
456,1749710685,0.91,"{""type"": ""leisure""}",3258561040400
456,1749710685,0.91,"{""type"": ""leisure""}",3350033093119
456,1749710685,0.91,"{""type"": ""leisure""}",5400247061775
456,1749710685,0.91,"{""type"": ""leisure""}",3292090000313
456,1749710685,0.91,"{""type"": ""leisure""}",3782035801100
29,1749710752,1.55,"{""type"": ""business""}",3258561040400
155,1749710769,0.97,,3421557501678
155,1749710769,0.97,,3439496601526
155,1749710769,0.97,,3596710467969
155,1749710769,0.97,,0200133042186
155,1749710769,0.97,,99461958954352
808,1749710840,1.43,"{""type"": ""business""}",5410228217596
808,1749710840,1.43,"{""type"": ""business""}",3683080344010
136,1749710851,1.13,"{""type"": ""leisure""}",2022000015851
634,1749710886,1.56,"{""type"": ""business""}",
571,1749710956,1.71,"{""type"": ""rushed""}",
466,1749710966,1.97,"{""type"": ""rushed""}",
441,1749711021,1.0,,7613038837284
441,1749711021,1.0,,3256223411223
441,1749711021,1.0,,3266110059391
921,1749711066,1.9,,
422,1749711078,1.59,,
102,1749711123,1.95,"{""type"": ""rushed""}",3033710019397
681,1749711314,1.13,"{""type"": ""leisure""}",3760020503529
681,1749711314,1.13,"{""type"": ""leisure""}",3229820019208
681,1749711314,1.13,"{""type"": ""leisure""}",3560070258512
681,1749711314,1.13,"{""type"": ""leisure""}",3560071265618
681,1749711314,1.13,"{""type"": ""leisure""}",3560071010065
991,1749711351,1.93,,
248,1749711358,1.0,,3700152400440
248,1749711358,1.0,,3254381014522
248,1749711358,1.0,,3263859464615
248,1749711358,1.0,,3242272845157
956,1749711400,1.4,"{""type"": ""business""}",3564700405413
533,1749711462,1.9,"{""type"": ""rushed""}",
909,1749711465,1.36,"{""type"": ""business""}",3596710418343
909,1749711465,1.36,"{""type"": ""business""}",3760243323270
504,1749711485,1.55,,
744,1749711563,1.83,"{""type"": ""rushed""}",
847,1749711617,1.45,"{""type"": ""business""}",
283,1749711753,0.62,"{""type"": ""browser""}",
465,1749711774,1.77,"{""type"": ""rushed""}",
392,1749711788,0.97,,2030507984778
392,1749711788,0.97,,3700817700342
392,1749711788,0.97,,3261342003723
392,1749711788,0.97,,8422388042519
392,1749711788,0.97,,3248710362002
863,1749711842,1.54,"{""type"": ""business""}",3760305040916
863,1749711842,1.54,"{""type"": ""business""}",3760084330406
515,1749711860,1.02,"{""type"": ""leisure""}",3459343200054
515,1749711860,1.02,"{""type"": ""leisure""}",20800925
515,1749711860,1.02,"{""type"": ""leisure""}",8431876006421
515,1749711860,1.02,"{""type"": ""leisure""}",3770003905738
905,1749712039,0.85,"{""type"": ""browser""}",
154,1749712046,1.66,"{""type"": ""rushed""}",
358,1749712064,1.4,,3242272864257
358,1749712064,1.4,,3564707087346
366,1749712093,1.13,"{""type"": ""leisure""}",3250390561897
366,1749712093,1.13,"{""type"": ""leisure""}",5420019836493
929,1749712207,0.72,"{""type"": ""browser""}",
40,1749712256,1.63,"{""type"": ""business""}",3700392498894
40,1749712256,1.63,"{""type"": ""business""}",3700311801521
954,1749712306,1.06,"{""type"": ""leisure""}",3245390196385
954,1749712306,1.06,"{""type"": ""leisure""}",5413415200302
954,1749712306,1.06,"{""type"": ""leisure""}",6130093010175
954,1749712306,1.06,"{""type"": ""leisure""}",5410228191568
954,1749712306,1.06,"{""type"": ""leisure""}",3700311801521
532,1749712313,1.63,"{""type"": ""business""}",3256540000346
158,1749712405,1.63,,3257980698209
388,1749712471,1.53,"{""type"": ""business""}",3222476755629
476,1749712518,1.87,"{""type"": ""rushed""}",
23,1749712641,0.94,"{""type"": ""leisure""}",3257982269469
23,1749712641,0.94,"{""type"": ""leisure""}",3222472889182
23,1749712641,0.94,"{""type"": ""leisure""}",5010019601797
23,1749712641,0.94,"{""type"": ""leisure""}",3596710217045
463,1749712669,0.61,"{""type"": ""browser""}",
371,1749712715,0.81,"{""type"": ""browser""}",
774,1749712748,1.8,"{""type"": ""rushed""}",3596710460915
553,1749712924,0.95,,3441800680066
553,1749712924,0.95,,3245411889241
553,1749712924,0.95,,3700866611576
120,1749712986,1.63,"{""type"": ""business""}",7610209060342
501,1749712998,1.68,"{""type"": ""rushed""}",
147,1749713012,0.93,"{""type"": ""leisure""}",4056489639701
147,1749713012,0.93,"{""type"": ""leisure""}",3268650005074
147,1749713012,0.93,"{""type"": ""leisure""}",3700181513265
379,1749713045,0.86,"{""type"": ""browser""}",
44,1749713080,1.18,"{""type"": ""leisure""}",3242272845157
977,1749713129,1.61,"{""type"": ""business""}",3564707087346
977,1749713129,1.61,"{""type"": ""business""}",8711700965002
926,1749713221,1.61,"{""type"": ""rushed""}",
565,1749713337,1.12,"{""type"": ""leisure""}",2286630002128
565,1749713337,1.12,"{""type"": ""leisure""}",3760296675821
565,1749713337,1.12,"{""type"": ""leisure""}",3560070897698
565,1749713337,1.12,"{""type"": ""leisure""}",3560070968589
565,1749713337,1.12,"{""type"": ""leisure""}",3701205200000
125,1749713346,1.16,"{""type"": ""leisure""}",0209558017717
125,1749713346,1.16,"{""type"": ""leisure""}",3770023992039
125,1749713346,1.16,"{""type"": ""leisure""}",3263859494315
513,1749713469,1.55,"{""type"": ""business""}",
859,1749713484,1.16,"{""type"": ""leisure""}",3602826450273
859,1749713484,1.16,"{""type"": ""leisure""}",26039404
859,1749713484,1.16,"{""type"": ""leisure""}",25456257
859,1749713484,1.16,"{""type"": ""leisure""}",3245413537706
343,1749713521,1.85,"{""type"": ""rushed""}",
278,1749713615,1.49,,
593,1749713752,1.14,"{""type"": ""leisure""}",4260363486071
593,1749713752,1.14,"{""type"": ""leisure""}",3245390159090
139,1749713779,0.67,"{""type"": ""browser""}",
903,1749713818,0.9,"{""type"": ""leisure""}",3253950071744
903,1749713818,0.9,"{""type"": ""leisure""}",3222472948469
903,1749713818,0.9,"{""type"": ""leisure""}",3173100200018
903,1749713818,0.9,"{""type"": ""leisure""}",3353630001303
903,1749713818,0.9,"{""type"": ""leisure""}",3410280024547
788,1749713836,1.89,"{""type"": ""rushed""}",3258561419428
801,1749713907,1.53,"{""type"": ""business""}",
207,1749714056,0.85,"{""type"": ""browser""}",
925,1749714058,1.13,,3173281224087
988,1749714102,1.65,"{""type"": ""rushed""}",
509,1749714174,1.98,"{""type"": ""rushed""}",
972,1749714181,1.64,"{""type"": ""rushed""}",3781406702503
655,1749714275,1.35,"{""type"": ""business""}",
985,1749714313,1.82,,3760247832174
396,1749714406,0.98,,3560070429080
396,1749714406,0.98,,3560070319220
396,1749714406,0.98,,3700392498894
329,1749714507,1.46,"{""type"": ""business""}",00898607
329,1749714507,1.46,"{""type"": ""business""}",3256221106411
132,1749714516,1.63,"{""type"": ""rushed""}",3273625834511
664,1749714557,1.75,"{""type"": ""rushed""}",
418,1749714584,1.64,"{""type"": ""rushed""}",3599740009628
46,1749714587,1.71,"{""type"": ""rushed""}",
5,1749714589,0.96,,3350033247819
5,1749714589,0.96,,3245390068682
5,1749714589,0.96,,3560071237424
107,1749714692,1.7,"{""type"": ""rushed""}",
54,1749714833,1.59,"{""type"": ""business""}",
844,1749714870,1.1,,3329630926304
508,1749714910,0.91,"{""type"": ""leisure""}",2619027006483
508,1749714910,0.91,"{""type"": ""leisure""}",3263859494315
508,1749714910,0.91,"{""type"": ""leisure""}",3222471017746
508,1749714910,0.91,"{""type"": ""leisure""}",3560070897728
116,1749714939,1.45,"{""type"": ""business""}",3250392501389
116,1749714939,1.45,"{""type"": ""business""}",3594940000048
741,1749714973,0.8,"{""type"": ""browser""}",
858,1749715003,1.88,"{""type"": ""rushed""}",
640,1749715016,1.45,"{""type"": ""business""}",20466886
52,1749715049,1.64,"{""type"": ""business""}",
479,1749715076,1.16,"{""type"": ""leisure""}",3596710338351
479,1749715076,1.16,"{""type"": ""leisure""}",3564700000137
652,1749715100,1.11,"{""type"": ""leisure""}",3582740001105
652,1749715100,1.11,"{""type"": ""leisure""}",3256400158736
652,1749715100,1.11,"{""type"": ""leisure""}",3700181513265
652,1749715100,1.11,"{""type"": ""leisure""}",3439496601526
386,1749715155,1.78,"{""type"": ""rushed""}",
838,1749715213,1.03,,2000000069093
838,1749715213,1.03,,3012992421005
838,1749715213,1.03,,0200707030830
838,1749715213,1.03,,3560070889488
838,1749715213,1.03,,3770004958337
367,1749715277,1.85,"{""type"": ""rushed""}",
901,1749715353,1.82,"{""type"": ""rushed""}",3596710531875
803,1749715363,1.68,,5425015401034
489,1749715540,1.15,"{""type"": ""leisure""}",3245411901578
489,1749715540,1.15,"{""type"": ""leisure""}",5415270100728
489,1749715540,1.15,"{""type"": ""leisure""}",3563490110125
489,1749715540,1.15,"{""type"": ""leisure""}",8033406265461
489,1749715540,1.15,"{""type"": ""leisure""}",3439496601526
261,1749715574,1.81,,3245415349024
688,1749715731,1.8,"{""type"": ""rushed""}",
265,1749715749,1.04,"{""type"": ""leisure""}",3222473631216
265,1749715749,1.04,"{""type"": ""leisure""}",3700679611121
265,1749715749,1.04,"{""type"": ""leisure""}",3596710532193
265,1749715749,1.04,"{""type"": ""leisure""}",3760305040916
265,1749715749,1.04,"{""type"": ""leisure""}",3080920991234
272,1749715873,0.73,"{""type"": ""browser""}",
950,1749715933,1.86,"{""type"": ""rushed""}",
825,1749715974,1.82,"{""type"": ""rushed""}",3760270250044
494,1749715988,1.73,,
189,1749716009,1.98,"{""type"": ""rushed""}",3700105267007
477,1749716038,1.98,"{""type"": ""rushed""}",3222472948469
315,1749716148,0.63,"{""type"": ""browser""}",
432,1749716184,0.91,"{""type"": ""leisure""}",3419390003541
432,1749716184,0.91,"{""type"": ""leisure""}",3323790322099
432,1749716184,0.91,"{""type"": ""leisure""}",0038000391187
432,1749716184,0.91,"{""type"": ""leisure""}",3153126838006
432,1749716184,0.91,"{""type"": ""leisure""}",3292590882457
200,1749716213,1.19,"{""type"": ""leisure""}",3564700027516
200,1749716213,1.19,"{""type"": ""leisure""}",3367270045559
200,1749716213,1.19,"{""type"": ""leisure""}",3256223669037
735,1749716242,0.94,"{""type"": ""leisure""}",7290110110666
735,1749716242,0.94,"{""type"": ""leisure""}",3483939801059
915,1749716252,0.85,"{""type"": ""browser""}",
238,1749716325,1.91,"{""type"": ""rushed""}",
39,1749716578,1.37,"{""type"": ""business""}",
224,1749716643,1.05,"{""type"": ""leisure""}",3282946037303
224,1749716643,1.05,"{""type"": ""leisure""}",3291820013197
224,1749716643,1.05,"{""type"": ""leisure""}",3596710285624
224,1749716643,1.05,"{""type"": ""leisure""}",3564700010853
31,1749716865,1.51,"{""type"": ""business""}",
974,1749716887,1.98,"{""type"": ""rushed""}",5900020036193
204,1749717115,0.71,"{""type"": ""browser""}",
492,1749717149,1.05,"{""type"": ""leisure""}",3166352968591
492,1749717149,1.05,"{""type"": ""leisure""}",3350033259591
492,1749717149,1.05,"{""type"": ""leisure""}",20381417
492,1749717149,1.05,"{""type"": ""leisure""}",3760049798272
188,1749717328,1.4,"{""type"": ""business""}",
570,1749717337,1.57,"{""type"": ""business""}",3257986406709
637,1749717438,0.77,"{""type"": ""browser""}",
659,1749717453,0.74,"{""type"": ""browser""}",
271,1749717471,1.13,"{""type"": ""leisure""}",3222476641939
271,1749717471,1.13,"{""type"": ""leisure""}",3760075072346
271,1749717471,1.13,"{""type"": ""leisure""}",3421557502460
848,1749717504,1.01,,3700392470852
848,1749717504,1.01,,0203190007877
946,1749717740,1.6,"{""type"": ""business""}",8711700965002
911,1749717861,0.78,"{""type"": ""browser""}",
602,1749717862,1.11,"{""type"": ""leisure""}",3760194920054
602,1749717862,1.11,"{""type"": ""leisure""}",3324440339313
602,1749717862,1.11,"{""type"": ""leisure""}",3599740009628
975,1749717940,1.08,"{""type"": ""leisure""}",3596710285624
975,1749717940,1.08,"{""type"": ""leisure""}",3564700414187
975,1749717940,1.08,"{""type"": ""leisure""}",3448781300006
676,1749718079,1.55,"{""type"": ""business""}",
942,1749718145,1.0,"{""type"": ""leisure""}",3560071453534
629,1749718211,1.46,"{""type"": ""business""}",
830,1749718272,1.14,"{""type"": ""leisure""}",3760039500823
830,1749718272,1.14,"{""type"": ""leisure""}",3029440005137
830,1749718272,1.14,"{""type"": ""leisure""}",3560070340224
830,1749718272,1.14,"{""type"": ""leisure""}",3760173500000
830,1749718272,1.14,"{""type"": ""leisure""}",3596710333271
173,1749718342,0.95,"{""type"": ""leisure""}",3124480182135
173,1749718342,0.95,"{""type"": ""leisure""}",3596710480098
173,1749718342,0.95,"{""type"": ""leisure""}",3700392470814
173,1749718342,0.95,"{""type"": ""leisure""}",3419390003541
944,1749718356,1.1,"{""type"": ""leisure""}",3222476651143
944,1749718356,1.1,"{""type"": ""leisure""}",3565490001014
944,1749718356,1.1,"{""type"": ""leisure""}",3116430215468
944,1749718356,1.1,"{""type"": ""leisure""}",3760155712056
420,1749718491,1.93,,3523680461093
679,1749718549,1.64,,
295,1749718638,1.58,,
445,1749718876,0.79,"{""type"": ""browser""}",
573,1749718917,1.56,"{""type"": ""business""}",3560071030360
573,1749718917,1.56,"{""type"": ""business""}",3245390144683
627,1749718955,1.13,,3500531077009
627,1749718955,1.13,,3222473419098
66,1749719122,1.92,,
266,1749719136,1.18,"{""type"": ""leisure""}",0200133042186
266,1749719136,1.18,"{""type"": ""leisure""}",3329630901110
266,1749719136,1.18,"{""type"": ""leisure""}",99461958954352
269,1749719189,0.79,,
382,1749719223,1.51,,80466437
8,1749719335,1.58,"{""type"": ""business""}",
170,1749719374,1.02,"{""type"": ""leisure""}",20361587
170,1749719374,1.02,"{""type"": ""leisure""}",3250391671557
170,1749719374,1.02,"{""type"": ""leisure""}",3257984437972
170,1749719374,1.02,"{""type"": ""leisure""}",0206028035554
321,1749719457,0.66,"{""type"": ""browser""}",
144,1749719481,1.84,"{""type"": ""rushed""}",3068320085005
719,1749719533,1.87,,3470250029637
437,1749719645,1.53,"{""type"": ""business""}",
666,1749719648,1.45,"{""type"": ""business""}",5010327206172
666,1749719648,1.45,"{""type"": ""business""}",5413023001001
747,1749719651,0.81,,
161,1749719669,0.7,"{""type"": ""browser""}",
296,1749719746,0.84,"{""type"": ""browser""}",
947,1749719875,1.76,,
235,1749719914,1.92,"{""type"": ""rushed""}",
308,1749720084,1.07,"{""type"": ""leisure""}",3222476476722
308,1749720084,1.07,"{""type"": ""leisure""}",00898607
308,1749720084,1.07,"{""type"": ""leisure""}",3443271333014
960,1749720107,1.7,"{""type"": ""rushed""}",3237580165318
558,1749720151,1.17,"{""type"": ""leisure""}",20146160
558,1749720151,1.17,"{""type"": ""leisure""}",3564709164526
558,1749720151,1.17,"{""type"": ""leisure""}",5425015401034
558,1749720151,1.17,"{""type"": ""leisure""}",3523680495463
558,1749720151,1.17,"{""type"": ""leisure""}",3180940087716
856,1749720162,0.92,"{""type"": ""leisure""}",3258561240695
302,1749720315,1.43,"{""type"": ""business""}",3263850049217
428,1749720507,1.86,"{""type"": ""rushed""}",3560070478699
723,1749720573,0.73,"{""type"": ""browser""}",
83,1749720605,1.68,"{""type"": ""rushed""}",
405,1749720670,1.47,"{""type"": ""business""}",3250391371167
405,1749720670,1.47,"{""type"": ""business""}",3560070351237
430,1749720728,1.85,"{""type"": ""rushed""}",
448,1749720753,1.56,"{""type"": ""business""}",3222475750960
32,1749720771,1.61,"{""type"": ""business""}",
103,1749720946,0.88,,
222,1749721001,0.91,"{""type"": ""leisure""}",27076460
222,1749721001,0.91,"{""type"": ""leisure""}",0209558017717
813,1749721002,1.72,"{""type"": ""rushed""}",
217,1749721023,0.82,"{""type"": ""browser""}",
600,1749721080,1.04,"{""type"": ""leisure""}",3290353013155
600,1749721080,1.04,"{""type"": ""leisure""}",3263859494711
510,1749721170,1.54,"{""type"": ""business""}",3250392259747
148,1749721240,0.87,"{""type"": ""browser""}",
771,1749721311,0.87,"{""type"": ""browser""}",
478,1749721351,0.82,"{""type"": ""browser""}",
630,1749721419,1.67,"{""type"": ""rushed""}",3560071461454
231,1749721458,1.56,"{""type"": ""business""}",
18,1749721661,0.89,"{""type"": ""browser""}",
932,1749721661,1.5,"{""type"": ""business""}",7610807051940
984,1749721685,1.81,"{""type"": ""rushed""}",3560070564453
252,1749721732,1.57,"{""type"": ""business""}",20381417
244,1749721744,1.86,"{""type"": ""rushed""}",3483981000967
816,1749721745,0.65,"{""type"": ""browser""}",
36,1749721780,0.88,"{""type"": ""browser""}",
58,1749721797,1.36,"{""type"": ""business""}",20361587
58,1749721797,1.36,"{""type"": ""business""}",3700181513173
678,1749721820,0.76,"{""type"": ""browser""}",
864,1749721921,1.05,"{""type"": ""leisure""}",3560070888146
864,1749721921,1.05,"{""type"": ""leisure""}",3700152400228
864,1749721921,1.05,"{""type"": ""leisure""}",3564700010860
864,1749721921,1.05,"{""type"": ""leisure""}",2010088299997
653,1749722017,1.02,"{""type"": ""leisure""}",5400501953259
850,1749722074,1.68,,
179,1749722232,1.78,"{""type"": ""rushed""}",3700181513265
892,1749722312,1.77,"{""type"": ""rushed""}",3582740000016
380,1749722358,0.63,"{""type"": ""browser""}",
427,1749722421,0.68,,
292,1749722464,0.96,,0200116021849
867,1749722484,1.38,"{""type"": ""business""}",
335,1749722485,1.48,"{""type"": ""business""}",3270160385430
94,1749722505,1.82,,
814,1749722513,0.83,"{""type"": ""browser""}",
162,1749722571,1.94,"{""type"": ""rushed""}",
815,1749722572,1.91,"{""type"": ""rushed""}",3700817700373
738,1749722626,0.79,,
851,1749722789,0.94,"{""type"": ""leisure""}",3245411441982
851,1749722789,0.94,"{""type"": ""leisure""}",3256224765370
851,1749722789,0.94,"{""type"": ""leisure""}",3700392470784
851,1749722789,0.94,"{""type"": ""leisure""}",3760305040947
251,1749722838,1.5,"{""type"": ""business""}",3222475401688
251,1749722838,1.5,"{""type"": ""business""}",26073347
983,1749722941,0.87,"{""type"": ""browser""}",
994,1749722943,0.7,"{""type"": ""browser""}",
65,1749722998,1.81,,8712100441158
873,1749723037,1.49,"{""type"": ""business""}",
74,1749723125,1.42,"{""type"": ""business""}",3760151013287
342,1749723492,1.15,"{""type"": ""leisure""}",3292050131873
781,1749723503,1.02,"{""type"": ""leisure""}",3596710349524
781,1749723503,1.02,"{""type"": ""leisure""}",27066577
781,1749723503,1.02,"{""type"": ""leisure""}",20638634
781,1749723503,1.02,"{""type"": ""leisure""}",3574661797595
781,1749723503,1.02,"{""type"": ""leisure""}",8410152053059
408,1749723509,1.07,"{""type"": ""leisure""}",4056489194132
408,1749723509,1.07,"{""type"": ""leisure""}",3781604505500
408,1749723509,1.07,"{""type"": ""leisure""}",7613269799184
551,1749723679,0.73,"{""type"": ""browser""}",
670,1749723777,1.6,"{""type"": ""business""}",3014680041649
670,1749723777,1.6,"{""type"": ""business""}",3560071237486
857,1749723784,1.42,,
940,1749723885,1.65,"{""type"": ""business""}",3700392498894
126,1749723966,1.15,"{""type"": ""leisure""}",3760164860472
126,1749723966,1.15,"{""type"": ""leisure""}",3564700027509
126,1749723966,1.15,"{""type"": ""leisure""}",3242272907459
126,1749723966,1.15,"{""type"": ""leisure""}",5410228142119
126,1749723966,1.15,"{""type"": ""leisure""}",3564700010853
298,1749724093,1.43,"{""type"": ""business""}",3662790000379
298,1749724093,1.43,"{""type"": ""business""}",3560070338641
300,1749724109,0.86,"{""type"": ""browser""}",
63,1749724123,1.76,"{""type"": ""rushed""}",
245,1749724198,1.79,"{""type"": ""rushed""}",3222473960279
142,1749724199,0.96,"{""type"": ""leisure""}",3564700701256
142,1749724199,0.96,"{""type"": ""leisure""}",3700105267007
142,1749724199,0.96,"{""type"": ""leisure""}",3596710496310
142,1749724199,0.96,"{""type"": ""leisure""}",3263859855116
241,1749724245,1.53,"{""type"": ""business""}",
698,1749724376,1.4,"{""type"": ""business""}",3700613100407
832,1749724541,1.93,"{""type"": ""rushed""}",
907,1749724547,1.65,"{""type"": ""rushed""}",
750,1749724570,1.72,"{""type"": ""rushed""}",3564980000162
181,1749724612,0.91,"{""type"": ""leisure""}",3270190119968
181,1749724612,0.91,"{""type"": ""leisure""}",8437000199175
181,1749724612,0.91,"{""type"": ""leisure""}",3107872006769
181,1749724612,0.91,"{""type"": ""leisure""}",3596710416929
715,1749724650,0.81,"{""type"": ""browser""}",
62,1749724669,1.1,"{""type"": ""leisure""}",3323790301353
62,1749724669,1.1,"{""type"": ""leisure""}",3290352013156
62,1749724669,1.1,"{""type"": ""leisure""}",3266110059391
548,1749724890,0.89,,
968,1749724960,1.83,"{""type"": ""rushed""}",
756,1749725011,1.88,"{""type"": ""rushed""}",3250390268642
117,1749725012,0.98,"{""type"": ""leisure""}",3560070386352
685,1749725037,1.36,"{""type"": ""business""}",3019080066018
685,1749725037,1.36,"{""type"": ""business""}",3372900018155
682,1749725053,0.77,"{""type"": ""browser""}",
708,1749725073,1.79,"{""type"": ""rushed""}",
221,1749725082,0.88,"{""type"": ""browser""}",
620,1749725091,1.47,"{""type"": ""business""}",6130534000031
41,1749725133,1.18,"{""type"": ""leisure""}",3760270250051
41,1749725133,1.18,"{""type"": ""leisure""}",3257986406709
876,1749725150,1.52,"{""type"": ""business""}",3564700126790
981,1749725195,1.56,,7613035866386
451,1749725287,0.98,,3250390145905
377,1749725559,1.15,"{""type"": ""leisure""}",20402846
377,1749725559,1.15,"{""type"": ""leisure""}",3222477763524
377,1749725559,1.15,"{""type"": ""leisure""}",3468570726299
164,1749725618,1.35,,3410280024547
638,1749725705,1.1,"{""type"": ""leisure""}",7610248506504
638,1749725705,1.1,"{""type"": ""leisure""}",3257981230804
638,1749725705,1.1,"{""type"": ""leisure""}",2013603799996
638,1749725705,1.1,"{""type"": ""leisure""}",3602826450273
354,1749725763,1.41,"{""type"": ""business""}",
936,1749725772,1.36,"{""type"": ""business""}",3700392470814
936,1749725772,1.36,"{""type"": ""business""}",20681760
692,1749725819,1.05,"{""type"": ""leisure""}",3222476137456
692,1749725819,1.05,"{""type"": ""leisure""}",3199240000752
225,1749725890,1.55,"{""type"": ""business""}",2022000015769
284,1749725903,1.61,,8002270044892
990,1749725938,1.61,"{""type"": ""rushed""}",
61,1749726039,0.79,"{""type"": ""browser""}",
772,1749726048,0.84,"{""type"": ""browser""}",
320,1749726110,1.83,"{""type"": ""rushed""}",
306,1749726221,0.69,"{""type"": ""browser""}",
257,1749726226,1.59,"{""type"": ""business""}",5401029125494
257,1749726226,1.59,"{""type"": ""business""}",3263859284114
159,1749726256,1.42,"{""type"": ""business""}",
845,1749726308,1.09,,3760188850008
845,1749726308,1.09,,5000112620801
845,1749726308,1.09,,3760085320024
845,1749726308,1.09,,3263857999997
837,1749726387,1.63,,20681760
639,1749726511,0.73,"{""type"": ""browser""}",
25,1749726556,1.36,"{""type"": ""business""}",3596710428083
25,1749726556,1.36,"{""type"": ""business""}",3596710184149
520,1749726570,1.81,"{""type"": ""rushed""}",
922,1749726592,0.66,,
765,1749726599,1.82,,
176,1749726670,1.74,"{""type"": ""rushed""}",
759,1749726689,1.63,"{""type"": ""business""}",3329630904906
759,1749726689,1.63,"{""type"": ""business""}",3770001605395
528,1749726738,1.01,"{""type"": ""leisure""}",0209558017717
178,1749726740,0.95,"{""type"": ""leisure""}",5099873088654
178,1749726740,0.95,"{""type"": ""leisure""}",0203190007877
178,1749726740,0.95,"{""type"": ""leisure""}",3560070583409
877,1749726934,1.66,"{""type"": ""rushed""}",26033105
467,1749726935,0.86,"{""type"": ""browser""}",
541,1749727029,1.18,"{""type"": ""leisure""}",3560071176846
541,1749727029,1.18,"{""type"": ""leisure""}",3061990138248
289,1749727191,1.65,"{""type"": ""rushed""}",3614900924785
187,1749727296,0.71,"{""type"": ""browser""}",
226,1749727438,1.78,"{""type"": ""rushed""}",3423790000048
435,1749727447,1.98,"{""type"": ""rushed""}",
98,1749727456,1.11,"{""type"": ""leisure""}",3256221134797
98,1749727456,1.11,"{""type"": ""leisure""}",3439496601526
98,1749727456,1.11,"{""type"": ""leisure""}",3033710019397
219,1749727488,1.51,"{""type"": ""business""}",3270190166795
219,1749727488,1.51,"{""type"": ""business""}",0207638055635
215,1749727522,1.42,"{""type"": ""business""}",3760039501738
586,1749727527,1.15,"{""type"": ""leisure""}",3560070617814
586,1749727527,1.15,"{""type"": ""leisure""}",3222476755629
586,1749727527,1.15,"{""type"": ""leisure""}",3263850754210
667,1749727872,1.89,"{""type"": ""rushed""}",3760208030120
431,1749727934,1.79,"{""type"": ""rushed""}",7640134912119
784,1749727943,0.63,"{""type"": ""browser""}",
742,1749728005,1.97,"{""type"": ""rushed""}",
706,1749728007,0.86,"{""type"": ""browser""}",
475,1749728017,1.56,"{""type"": ""business""}",3017760010009
100,1749728050,0.95,"{""type"": ""leisure""}",3270190153085
677,1749728053,1.82,"{""type"": ""rushed""}",3440747500710
899,1749728069,1.48,,5400501953259
119,1749728109,1.54,"{""type"": ""business""}",3560070149506
253,1749728158,1.07,"{""type"": ""leisure""}",3560070341832
906,1749728161,0.94,"{""type"": ""leisure""}",7640134912119
906,1749728161,0.94,"{""type"": ""leisure""}",4909411084318
906,1749728161,0.94,"{""type"": ""leisure""}",3596710418343
906,1749728161,0.94,"{""type"": ""leisure""}",3254560599956
21,1749728188,1.61,"{""type"": ""business""}",20381417
340,1749728321,1.65,"{""type"": ""rushed""}",
603,1749728362,1.08,"{""type"": ""leisure""}",3256228975997
603,1749728362,1.08,"{""type"": ""leisure""}",20977993
603,1749728362,1.08,"{""type"": ""leisure""}",00206310
603,1749728362,1.08,"{""type"": ""leisure""}",3421557502422
151,1749728371,0.63,,
502,1749728424,1.56,"{""type"": ""business""}",
157,1749728473,0.76,,
919,1749728480,0.65,"{""type"": ""browser""}",
402,1749728496,0.95,"{""type"": ""leisure""}",3700133912573
156,1749728683,1.42,"{""type"": ""business""}",3560070218196
229,1749728711,1.75,"{""type"": ""rushed""}",
414,1749728811,1.04,"{""type"": ""leisure""}",3421557501463
255,1749728857,1.59,"{""type"": ""business""}",3410280020938
209,1749728907,0.97,"{""type"": ""leisure""}",5400606002210
373,1749728987,1.78,"{""type"": ""rushed""}",
755,1749728991,1.09,"{""type"": ""leisure""}",3242272864257
755,1749728991,1.09,"{""type"": ""leisure""}",7613035866393
812,1749729038,1.86,"{""type"": ""rushed""}",
482,1749729072,1.16,"{""type"": ""leisure""}",3596710507580
482,1749729072,1.16,"{""type"": ""leisure""}",3602826461460
482,1749729072,1.16,"{""type"": ""leisure""}",3781406702503
482,1749729072,1.16,"{""type"": ""leisure""}",3600900005586
585,1749729084,1.1,"{""type"": ""leisure""}",25456257
585,1749729084,1.1,"{""type"": ""leisure""}",3560070738168
585,1749729084,1.1,"{""type"": ""leisure""}",3250554107930
199,1749729086,1.09,"{""type"": ""leisure""}",3700520502578
199,1749729086,1.09,"{""type"": ""leisure""}",3560071187620
199,1749729086,1.09,"{""type"": ""leisure""}",3760243010088
732,1749729217,0.77,"{""type"": ""browser""}",
450,1749729219,1.01,,20621353
450,1749729219,1.01,,3760039500380
450,1749729219,1.01,,3268840001008
450,1749729219,1.01,,3770009091008
743,1749729234,1.15,"{""type"": ""leisure""}",3248710362002
743,1749729234,1.15,"{""type"": ""leisure""}",3245414394155
743,1749729234,1.15,"{""type"": ""leisure""}",5400101008281
743,1749729234,1.15,"{""type"": ""leisure""}",3588570002527
80,1749729244,1.45,"{""type"": ""business""}",3080216051529
11,1749729267,1.43,"{""type"": ""business""}",7617014165385
11,1749729267,1.43,"{""type"": ""business""}",3419390003541
9,1749729311,0.68,"{""type"": ""browser""}",
334,1749729351,1.4,"{""type"": ""business""}",3560070328468
980,1749729365,0.99,"{""type"": ""leisure""}",3701205200000
980,1749729365,0.99,"{""type"": ""leisure""}",99461958954352
980,1749729365,0.99,"{""type"": ""leisure""}",8002270876783
980,1749729365,0.99,"{""type"": ""leisure""}",3596710118090
205,1749729426,1.05,"{""type"": ""leisure""}",3582740000016
205,1749729426,1.05,"{""type"": ""leisure""}",27076460
205,1749729426,1.05,"{""type"": ""leisure""}",3492847636004
205,1749729426,1.05,"{""type"": ""leisure""}",4062300048928
619,1749729478,1.54,"{""type"": ""business""}",
404,1749729498,1.18,"{""type"": ""leisure""}",2011000019006
404,1749729498,1.18,"{""type"": ""leisure""}",3484700000091
429,1749729501,1.39,"{""type"": ""business""}",
75,1749729502,1.56,"{""type"": ""business""}",3660014113478
75,1749729502,1.56,"{""type"": ""business""}",3250390009153
361,1749729562,1.64,"{""type"": ""business""}",3560070564453
361,1749729562,1.64,"{""type"": ""business""}",3596710470709
608,1749729587,1.63,"{""type"": ""business""}",3423790000048
538,1749729609,1.03,"{""type"": ""leisure""}",20712907
538,1749729609,1.03,"{""type"": ""leisure""}",3250391331192
538,1749729609,1.03,"{""type"": ""leisure""}",4056489010845
538,1749729609,1.03,"{""type"": ""leisure""}",3582740000016
538,1749729609,1.03,"{""type"": ""leisure""}",3596710496310
680,1749729653,1.41,"{""type"": ""business""}",3700392470784
680,1749729653,1.41,"{""type"": ""business""}",3770003268789
707,1749729731,0.67,"{""type"": ""browser""}",
198,1749729733,0.99,"{""type"": ""leisure""}",3700311801521
198,1749729733,0.99,"{""type"": ""leisure""}",8712561534918
198,1749729733,0.99,"{""type"": ""leisure""}",00897266
198,1749729733,0.99,"{""type"": ""leisure""}",8436547640751
198,1749729733,0.99,"{""type"": ""leisure""}",3292090236194
196,1749729789,0.72,"{""type"": ""browser""}",
761,1749729800,1.56,,3560071237424
761,1749729800,1.56,,3596710536696
77,1749729958,1.16,"{""type"": ""leisure""}",5410228215578
77,1749729958,1.16,"{""type"": ""leisure""}",3700181513265
77,1749729958,1.16,"{""type"": ""leisure""}",7610209060342
77,1749729958,1.16,"{""type"": ""leisure""}",3257986406709
713,1749730145,1.1,"{""type"": ""leisure""}",2000000007762
962,1749730154,1.18,"{""type"": ""leisure""}",3276650100811
962,1749730154,1.18,"{""type"": ""leisure""}",3222472948469
962,1749730154,1.18,"{""type"": ""leisure""}",3565490002127
710,1749730181,1.12,"{""type"": ""leisure""}",3242272981053
971,1749730188,1.16,"{""type"": ""leisure""}",8001440001680
971,1749730188,1.16,"{""type"": ""leisure""}",3596710443420
971,1749730188,1.16,"{""type"": ""leisure""}",3291960010582
971,1749730188,1.16,"{""type"": ""leisure""}",3760149510071
971,1749730188,1.16,"{""type"": ""leisure""}",3410280022581
628,1749730202,1.16,"{""type"": ""leisure""}",7613269307761
628,1749730202,1.16,"{""type"": ""leisure""}",3273120011141
79,1749730222,1.53,,8717644086605
79,1749730222,1.53,,3256220361118
641,1749730316,1.71,"{""type"": ""rushed""}",3560071452445
643,1749730420,1.38,"{""type"": ""business""}",
230,1749730485,0.99,"{""type"": ""leisure""}",5000112609608
230,1749730485,0.99,"{""type"": ""leisure""}",3421557501715
230,1749730485,0.99,"{""type"": ""leisure""}",3068111708229
324,1749730502,1.97,"{""type"": ""rushed""}",3760270250044
924,1749730629,0.71,"{""type"": ""browser""}",
177,1749730665,0.92,,3560070738168
35,1749730682,1.62,"{""type"": ""business""}",
496,1749730836,1.77,"{""type"": ""rushed""}",3596710404483
822,1749730870,1.15,"{""type"": ""leisure""}",8414100357100
78,1749730897,1.89,"{""type"": ""rushed""}",3222477372801
51,1749731032,0.89,"{""type"": ""browser""}",
952,1749731073,0.87,"{""type"": ""browser""}",
918,1749731091,1.44,"{""type"": ""business""}",3254560025745
916,1749731111,0.93,,5449000252920
916,1749731111,0.93,,3178530400540
916,1749731111,0.93,,3760039503183
122,1749731138,1.38,"{""type"": ""business""}",
455,1749731222,0.81,"{""type"": ""browser""}",
263,1749731294,1.8,"{""type"": ""rushed""}",3259456002343
518,1749731353,1.03,"{""type"": ""leisure""}",3596710088478
871,1749731380,1.83,"{""type"": ""rushed""}",3250392729974
387,1749731381,1.53,"{""type"": ""business""}",3124480001405
802,1749731462,1.91,"{""type"": ""rushed""}",
697,1749731504,1.48,"{""type"": ""business""}",00897266
246,1749731638,1.5,"{""type"": ""business""}",
839,1749731677,0.81,"{""type"": ""browser""}",
213,1749731913,1.54,"{""type"": ""business""}",5410013309000
213,1749731913,1.54,"{""type"": ""business""}",3781406702503
490,1749731956,0.84,"{""type"": ""browser""}",
383,1749732076,0.81,,
727,1749732086,0.99,"{""type"": ""leisure""}",3257980972651
344,1749732130,1.59,"{""type"": ""business""}",
395,1749732159,1.88,"{""type"": ""rushed""}",
889,1749732176,0.82,,
291,1749732195,1.81,"{""type"": ""rushed""}",
167,1749732336,0.81,"{""type"": ""browser""}",
934,1749732459,1.0,"{""type"": ""leisure""}",3254381029229
934,1749732459,1.0,"{""type"": ""leisure""}",3250392765910
934,1749732459,1.0,"{""type"": ""leisure""}",3596710400843
400,1749732536,0.98,"{""type"": ""leisure""}",3262970805819
353,1749732551,1.02,"{""type"": ""leisure""}",3282946048996
353,1749732551,1.02,"{""type"": ""leisure""}",3760305040947
348,1749732610,0.63,"{""type"": ""browser""}",
338,1749732620,1.14,,7610695004189
338,1749732620,1.14,,3560070559084
338,1749732620,1.14,,3222473216246
338,1749732620,1.14,,3222475461071
338,1749732620,1.14,,3770003785415
331,1749732644,1.48,"{""type"": ""business""}",3222471017746
331,1749732644,1.48,"{""type"": ""business""}",3596710304448
818,1749732662,0.97,"{""type"": ""leisure""}",3177890002005
807,1749732697,0.78,"{""type"": ""browser""}",
112,1749732713,1.89,,3257980698209
454,1749732855,1.4,"{""type"": ""business""}",
854,1749732858,1.52,"{""type"": ""business""}",3560070811762
854,1749732858,1.52,"{""type"": ""business""}",3560071237424
17,1749732892,1.4,"{""type"": ""business""}",
973,1749732918,1.91,"{""type"": ""rushed""}",3564700027479
776,1749732931,1.83,"{""type"": ""rushed""}",3564700769188
397,1749733071,1.12,,3222475628313
397,1749733071,1.12,,3560070319961
449,1749733119,1.57,"{""type"": ""business""}",
195,1749733197,1.81,"{""type"": ""rushed""}",
699,1749733266,1.62,"{""type"": ""rushed""}",
763,1749733308,1.1,,3450970027694
763,1749733308,1.1,,3302742703025
763,1749733308,1.1,,3700152400211
364,1749733325,1.82,,3760299411211
268,1749733391,1.1,"{""type"": ""leisure""}",3178530414042
268,1749733391,1.1,"{""type"": ""leisure""}",3254560017658
268,1749733391,1.1,"{""type"": ""leisure""}",4311501651179
268,1749733391,1.1,"{""type"": ""leisure""}",3257986406709
471,1749733439,0.83,"{""type"": ""browser""}",
645,1749733442,1.85,"{""type"": ""rushed""}",
758,1749733483,0.75,"{""type"": ""browser""}",
505,1749733518,1.46,"{""type"": ""business""}",3596710338351
505,1749733518,1.46,"{""type"": ""business""}",8002461871870
330,1749733546,0.71,,
887,1749733601,1.16,"{""type"": ""leisure""}",2000000039541
279,1749733677,1.13,"{""type"": ""leisure""}",8437014001167
279,1749733677,1.13,"{""type"": ""leisure""}",00898607
279,1749733677,1.13,"{""type"": ""leisure""}",3760039500526
237,1749733889,1.79,,2011000019006
702,1749733895,1.49,"{""type"": ""business""}",3270190007050
642,1749733910,1.02,"{""type"": ""leisure""}",3263857999997
642,1749733910,1.02,"{""type"": ""leisure""}",3222476785251
572,1749733933,1.0,"{""type"": ""leisure""}",4056489103882
572,1749733933,1.0,"{""type"": ""leisure""}",3245391237858
572,1749733933,1.0,"{""type"": ""leisure""}",3256223510315
976,1749733955,1.62,"{""type"": ""business""}",3560070949229
208,1749733965,1.62,"{""type"": ""business""}",
728,1749734002,0.63,"{""type"": ""browser""}",
191,1749734016,0.91,"{""type"": ""leisure""}",3760160681774
191,1749734016,0.91,"{""type"": ""leisure""}",5401029125494
191,1749734016,0.91,"{""type"": ""leisure""}",3250391611096
684,1749734048,1.03,,3245414469426
684,1749734048,1.03,,5401029125494
684,1749734048,1.03,,3257980698216
684,1749734048,1.03,,6181100099119
654,1749734072,0.98,"{""type"": ""leisure""}",3166352968591
654,1749734072,0.98,"{""type"": ""leisure""}",3560070309238
654,1749734072,0.98,"{""type"": ""leisure""}",3564980444294
654,1749734072,0.98,"{""type"": ""leisure""}",3323790301353
654,1749734072,0.98,"{""type"": ""leisure""}",8002461871870
275,1749734176,1.2,"{""type"": ""leisure""}",3560071030360
275,1749734176,1.2,"{""type"": ""leisure""}",3760049798272
275,1749734176,1.2,"{""type"": ""leisure""}",5400141090871
275,1749734176,1.2,"{""type"": ""leisure""}",3222472772958
275,1749734176,1.2,"{""type"": ""leisure""}",0420136296939
790,1749734179,1.8,"{""type"": ""rushed""}",3256221115512
152,1749734204,1.01,"{""type"": ""leisure""}",2089970001093
152,1749734204,1.01,"{""type"": ""leisure""}",7613035010550
152,1749734204,1.01,"{""type"": ""leisure""}",3250391467013
282,1749734217,1.12,"{""type"": ""leisure""}",3596710333271
282,1749734217,1.12,"{""type"": ""leisure""}",3163937635008
282,1749734217,1.12,"{""type"": ""leisure""}",3185370045008
282,1749734217,1.12,"{""type"": ""leisure""}",3421557502446
282,1749734217,1.12,"{""type"": ""leisure""}",3560071012854
401,1749734231,1.5,"{""type"": ""business""}",
286,1749734336,1.07,"{""type"": ""leisure""}",3272460151791
286,1749734336,1.07,"{""type"": ""leisure""}",3263859494315
286,1749734336,1.07,"{""type"": ""leisure""}",3099873045864
286,1749734336,1.07,"{""type"": ""leisure""}",3263855092416
286,1749734336,1.07,"{""type"": ""leisure""}",3596710184149
131,1749734345,1.35,"{""type"": ""business""}",
42,1749734364,1.73,,
866,1749734407,1.38,"{""type"": ""business""}",3571495110354
709,1749734414,1.07,,8005658018010
618,1749734471,0.8,"{""type"": ""browser""}",
317,1749734480,0.77,"{""type"": ""browser""}",
525,1749734487,1.48,"{""type"": ""business""}",3123456007892
525,1749734487,1.48,"{""type"": ""business""}",3367651007008
184,1749734530,1.18,"{""type"": ""leisure""}",3700392470814
184,1749734530,1.18,"{""type"": ""leisure""}",3256228433916
184,1749734530,1.18,"{""type"": ""leisure""}",7617014165385
574,1749734733,0.73,"{""type"": ""browser""}",
491,1749734793,1.94,,20840372
804,1749734809,1.47,"{""type"": ""business""}",3350031660368
843,1749734822,1.13,"{""type"": ""leisure""}",3257980017666
843,1749734822,1.13,"{""type"": ""leisure""}",0206028035554
407,1749734880,1.61,"{""type"": ""business""}",3273120011141
280,1749734900,1.72,"{""type"": ""rushed""}",3350033437630
770,1749734900,1.79,,
768,1749734919,1.83,"{""type"": ""rushed""}",
236,1749735031,1.14,,25456257
236,1749735031,1.14,,3263859840815
236,1749735031,1.14,,3273625834504
236,1749735031,1.14,,3099873045864
236,1749735031,1.14,,3596710349524
769,1749735088,0.63,"{""type"": ""browser""}",
115,1749735202,0.7,"{""type"": ""browser""}",
657,1749735211,1.4,"{""type"": ""business""}",3256540002920
986,1749735218,1.43,"{""type"": ""business""}",7617014186946
986,1749735218,1.43,"{""type"": ""business""}",20022952
855,1749735244,1.57,,3564700119440
855,1749735244,1.57,,3500870064661
55,1749735247,1.42,"{""type"": ""business""}",26087078
592,1749735294,1.95,"{""type"": ""rushed""}",
270,1749735359,0.93,,3560071265618
270,1749735359,0.93,,3250391043590
660,1749735387,0.72,"{""type"": ""browser""}",
796,1749735409,1.52,,2000000481166
796,1749735409,1.52,,20402846
853,1749735430,1.6,,0060383747824
84,1749735435,1.55,"{""type"": ""business""}",0420136296939
84,1749735435,1.55,"{""type"": ""business""}",20800925
457,1749735435,0.85,"{""type"": ""browser""}",
914,1749735510,0.71,"{""type"": ""browser""}",
786,1749735521,1.66,"{""type"": ""rushed""}",1704225440007
67,1749735538,1.53,"{""type"": ""business""}",
773,1749735551,1.38,"{""type"": ""business""}",3334803551382
193,1749735570,1.05,"{""type"": ""leisure""}",3163937630102
737,1749735576,1.78,,3760305040961
694,1749735585,1.07,"{""type"": ""leisure""}",3258561471051
351,1749735605,0.93,"{""type"": ""leisure""}",5425015401027
351,1749735605,0.93,"{""type"": ""leisure""}",3245411441982
351,1749735605,0.93,"{""type"": ""leisure""}",3596710450541
351,1749735605,0.93,"{""type"": ""leisure""}",3449865276798
650,1749735665,0.69,"{""type"": ""browser""}",
881,1749735790,1.62,"{""type"": ""business""}",
752,1749735798,0.87,"{""type"": ""browser""}",
897,1749735889,1.07,"{""type"": ""leisure""}",3560070272600
897,1749735889,1.07,"{""type"": ""leisure""}",3222472772958
897,1749735889,1.07,"{""type"": ""leisure""}",99461958954352
521,1749735983,1.74,,3419280053618
453,1749736036,0.81,"{""type"": ""browser""}",
536,1749736049,0.88,"{""type"": ""browser""}",
581,1749736086,1.98,"{""type"": ""rushed""}",
800,1749736179,1.67,"{""type"": ""rushed""}",
27,1749736212,1.41,"{""type"": ""business""}",
359,1749736294,1.09,"{""type"": ""leisure""}",3222476755629
359,1749736294,1.09,"{""type"": ""leisure""}",3760096360057
95,1749736419,1.82,"{""type"": ""rushed""}",
998,1749736487,1.03,"{""type"": ""leisure""}",3700392470814
998,1749736487,1.03,"{""type"": ""leisure""}",3179730121884
998,1749736487,1.03,"{""type"": ""leisure""}",3560071191146
998,1749736487,1.03,"{""type"": ""leisure""}",3760020503529
500,1749736524,1.01,"{""type"": ""leisure""}",3256220267861
500,1749736524,1.01,"{""type"": ""leisure""}",5449000308085
886,1749736543,1.0,"{""type"": ""leisure""}",0088009150612
886,1749736543,1.0,"{""type"": ""leisure""}",3263859840815
886,1749736543,1.0,"{""type"": ""leisure""}",2089970001093
886,1749736543,1.0,"{""type"": ""leisure""}",3450970027694
886,1749736543,1.0,"{""type"": ""leisure""}",3329630901110
96,1749736566,1.78,,
232,1749736591,0.96,"{""type"": ""leisure""}",3770005306007
232,1749736591,0.96,"{""type"": ""leisure""}",3700817700342
104,1749736627,1.37,"{""type"": ""business""}",4909411084318
104,1749736627,1.37,"{""type"": ""business""}",3222473216383
917,1749736755,1.38,"{""type"": ""business""}",3760009539013
336,1749736892,1.84,"{""type"": ""rushed""}",
523,1749736895,1.16,"{""type"": ""leisure""}",3660014113478
939,1749736968,1.09,"{""type"": ""leisure""}",4062300037038
631,1749737087,1.03,"{""type"": ""leisure""}",3258561471051
631,1749737087,1.03,"{""type"": ""leisure""}",3250391191215
631,1749737087,1.03,"{""type"": ""leisure""}",3700105267007
631,1749737087,1.03,"{""type"": ""leisure""}",0253011009184
982,1749737116,0.86,"{""type"": ""browser""}",
13,1749737117,1.47,"{""type"": ""business""}",3270160385430
13,1749737117,1.47,"{""type"": ""business""}",3760188850008
183,1749737185,1.82,,9013387000007
711,1749737250,0.98,"{""type"": ""leisure""}",3596710492503
130,1749737318,1.64,"{""type"": ""business""}",3123456007892
564,1749737353,0.93,"{""type"": ""leisure""}",5024373301293
564,1749737353,0.93,"{""type"": ""leisure""}",7610200423955
564,1749737353,0.93,"{""type"": ""leisure""}",3596710455898
535,1749737443,1.65,,5412983329026
693,1749737477,1.64,"{""type"": ""rushed""}",3222475401527
797,1749737534,1.37,"{""type"": ""business""}",99461958954352
966,1749737583,1.63,"{""type"": ""rushed""}",5410228217312
605,1749737714,1.47,"{""type"": ""business""}",3700392470852
403,1749737746,1.35,"{""type"": ""business""}",
256,1749737765,1.47,,
285,1749737847,1.48,"{""type"": ""business""}",
782,1749737851,1.47,"{""type"": ""business""}",
539,1749737973,0.69,"{""type"": ""browser""}",
180,1749737977,1.38,,3095757905019
999,1749738042,1.45,"{""type"": ""business""}",3661112800826
552,1749738075,1.39,"{""type"": ""business""}",
900,1749738076,0.66,"{""type"": ""browser""}",
250,1749738133,1.04,"{""type"": ""leisure""}",3560070819959
250,1749738133,1.04,"{""type"": ""leisure""}",3760155712056
250,1749738133,1.04,"{""type"": ""leisure""}",3760149510095
206,1749738210,1.94,,3564700757512
760,1749738226,0.8,"{""type"": ""browser""}",
590,1749738258,0.89,"{""type"": ""browser""}",
264,1749738392,1.68,"{""type"": ""rushed""}",3560070738168
349,1749738399,1.07,"{""type"": ""leisure""}",3250392259747
349,1749738399,1.07,"{""type"": ""leisure""}",3107872000606
349,1749738399,1.07,"{""type"": ""leisure""}",3250391217021
349,1749738399,1.07,"{""type"": ""leisure""}",3329480013100
349,1749738399,1.07,"{""type"": ""leisure""}",3596710400843
114,1749738410,1.55,"{""type"": ""business""}",3781604505500
555,1749738518,0.62,"{""type"": ""browser""}",
868,1749738523,0.89,"{""type"": ""browser""}",
73,1749738563,1.79,"{""type"": ""rushed""}",
530,1749738608,1.01,,3560070330980
920,1749738653,1.1,,7610695004189
519,1749738794,0.83,"{""type"": ""browser""}",
810,1749738823,0.93,"{""type"": ""leisure""}",3222475956034
810,1749738823,0.93,"{""type"": ""leisure""}",3257981174412
810,1749738823,0.93,"{""type"": ""leisure""}",3700392470852
810,1749738823,0.93,"{""type"": ""leisure""}",3245412777356
675,1749738860,1.85,,3596710428083
216,1749738875,1.51,"{""type"": ""business""}",3323790322099
216,1749738875,1.51,"{""type"": ""business""}",3254560027329
1000,1749738955,0.79,"{""type"": ""browser""}",
355,1749738984,0.89,"{""type"": ""browser""}",
20,1749739157,0.88,"{""type"": ""browser""}",
865,1749739321,1.96,"{""type"": ""rushed""}",3760106190018
957,1749739361,1.46,"{""type"": ""business""}",
823,1749739481,1.63,"{""type"": ""business""}",3283040827449
874,1749739482,1.44,"{""type"": ""business""}",
6,1749739542,1.65,,3242272981053
672,1749739721,1.6,"{""type"": ""business""}",
201,1749739774,1.15,,2000000145205
201,1749739774,1.15,,3760305040695
201,1749739774,1.15,,3564884005546
201,1749739774,1.15,,3419390003541
201,1749739774,1.15,,3700392470784
943,1749739786,0.99,"{""type"": ""leisure""}",9771276347359
943,1749739786,0.99,"{""type"": ""leisure""}",3266140059798
943,1749739786,0.99,"{""type"": ""leisure""}",3602826450273
943,1749739786,0.99,"{""type"": ""leisure""}",3700520500987
325,1749739826,1.73,"{""type"": ""rushed""}",
869,1749739883,0.88,"{""type"": ""browser""}",
460,1749739884,1.02,"{""type"": ""leisure""}",3254560027329
460,1749739884,1.02,"{""type"": ""leisure""}",3484700000091
460,1749739884,1.02,"{""type"": ""leisure""}",3564706516540
460,1749739884,1.02,"{""type"": ""leisure""}",0255911006560
460,1749739884,1.02,"{""type"": ""leisure""}",3760305040961
38,1749739933,0.92,,5401029125494
38,1749739933,0.92,,3256221129168
38,1749739933,0.92,,3179732333926
668,1749739968,1.11,"{""type"": ""leisure""}",3061990138248
668,1749739968,1.11,"{""type"": ""leisure""}",20712907
45,1749740000,1.11,"{""type"": ""leisure""}",3560032382460
45,1749740000,1.11,"{""type"": ""leisure""}",3250390707974
45,1749740000,1.11,"{""type"": ""leisure""}",3760226463429
45,1749740000,1.11,"{""type"": ""leisure""}",3270190204008
45,1749740000,1.11,"{""type"": ""leisure""}",3220440025235
736,1749740018,0.84,"{""type"": ""browser""}",
836,1749740175,1.65,"{""type"": ""rushed""}",
792,1749740193,1.52,"{""type"": ""business""}",
409,1749740219,1.9,"{""type"": ""rushed""}",
550,1749740222,1.9,"{""type"": ""rushed""}",
72,1749740305,1.03,"{""type"": ""leisure""}",2202000000006
72,1749740305,1.03,"{""type"": ""leisure""}",3107872002808
647,1749740349,0.73,"{""type"": ""browser""}",
783,1749740371,1.64,"{""type"": ""business""}",
764,1749740403,1.0,"{""type"": ""leisure""}",3760182270109
764,1749740403,1.0,"{""type"": ""leisure""}",3245412654497
33,1749740466,0.63,"{""type"": ""browser""}",
124,1749740527,1.39,"{""type"": ""business""}",
673,1749740540,0.95,"{""type"": ""leisure""}",3048971281728
673,1749740540,0.95,"{""type"": ""leisure""}",3179750020266
673,1749740540,0.95,"{""type"": ""leisure""}",7610200337450
352,1749740569,0.95,"{""type"": ""leisure""}",3560070754557
352,1749740569,0.95,"{""type"": ""leisure""}",3700392470784
352,1749740569,0.95,"{""type"": ""leisure""}",3596710293292
352,1749740569,0.95,"{""type"": ""leisure""}",3660014119371
352,1749740569,0.95,"{""type"": ""leisure""}",3760305040916
319,1749740621,1.04,"{""type"": ""leisure""}",3222475628313
101,1749740664,0.69,"{""type"": ""browser""}",
978,1749740903,1.37,"{""type"": ""business""}",3560071257514
71,1749741029,1.84,"{""type"": ""rushed""}",8717644091777
333,1749741069,1.62,"{""type"": ""business""}",
987,1749741156,0.75,,
442,1749741229,1.88,"{""type"": ""rushed""}",3700392470784
301,1749741256,0.72,"{""type"": ""browser""}",
43,1749741296,2.0,"{""type"": ""rushed""}",
617,1749741307,0.75,"{""type"": ""browser""}",
190,1749741394,1.09,"{""type"": ""leisure""}",3426311121000
190,1749741394,1.09,"{""type"": ""leisure""}",20920210
190,1749741394,1.09,"{""type"": ""leisure""}",3250390221302
190,1749741394,1.09,"{""type"": ""leisure""}",0734599143052
190,1749741394,1.09,"{""type"": ""leisure""}",3596710400881
733,1749741460,0.86,"{""type"": ""browser""}",
872,1749741575,0.94,"{""type"": ""leisure""}",3596710519927
872,1749741575,0.94,"{""type"": ""leisure""}",3257981230804
872,1749741575,0.94,"{""type"": ""leisure""}",3222477763524
415,1749741612,1.37,"{""type"": ""business""}",3292090000214
415,1749741612,1.37,"{""type"": ""business""}",3276557746730
474,1749741668,0.91,"{""type"": ""leisure""}",3560071007973
474,1749741668,0.91,"{""type"": ""leisure""}",3323790303807
368,1749741760,0.71,"{""type"": ""browser""}",
554,1749741930,1.07,"{""type"": ""leisure""}",3700365051231
714,1749741945,0.95,"{""type"": ""leisure""}",3523680495463
714,1749741945,0.95,"{""type"": ""leisure""}",3560071169640
714,1749741945,0.95,"{""type"": ""leisure""}",3760305040916
267,1749741983,1.1,"{""type"": ""leisure""}",3560071413620
267,1749741983,1.1,"{""type"": ""leisure""}",8005658002941
267,1749741983,1.1,"{""type"": ""leisure""}",3257981230804
267,1749741983,1.1,"{""type"": ""leisure""}",3760128280339
622,1749741998,1.43,"{""type"": ""business""}",3560071095796
622,1749741998,1.43,"{""type"": ""business""}",3222470100517
880,1749741999,0.8,"{""type"": ""browser""}",
426,1749742010,1.48,"{""type"": ""business""}",3760194920054
426,1749742010,1.48,"{""type"": ""business""}",3760002690261
562,1749742080,1.15,"{""type"": ""leisure""}",3560070754557
562,1749742080,1.15,"{""type"": ""leisure""}",3556940811635
562,1749742080,1.15,"{""type"": ""leisure""}",3596710416929
214,1749742086,1.7,"{""type"": ""rushed""}",
68,1749742127,0.66,"{""type"": ""browser""}",
28,1749742162,0.74,"{""type"": ""browser""}",
59,1749742187,1.41,"{""type"": ""business""}",
249,1749742259,0.82,"{""type"": ""browser""}",
791,1749742275,1.8,"{""type"": ""rushed""}",
941,1749742292,1.64,"{""type"": ""rushed""}",5401029125494
242,1749742453,1.4,"{""type"": ""business""}",3560070526758
242,1749742453,1.4,"{""type"": ""business""}",3250391371167
687,1749742552,0.97,"{""type"": ""leisure""}",3564884025261
687,1749742552,0.97,"{""type"": ""leisure""}",3760305040916
687,1749742552,0.97,"{""type"": ""leisure""}",3596710460915
345,1749742557,1.76,"{""type"": ""rushed""}",26026237
487,1749742609,1.88,"{""type"": ""rushed""}",
310,1749742675,1.52,"{""type"": ""business""}",3760247832174
14,1749742711,1.48,"{""type"": ""business""}",3560071169640
14,1749742711,1.48,"{""type"": ""business""}",5413415200302
613,1749742809,0.96,"{""type"": ""leisure""}",3760160681774
172,1749742834,1.19,"{""type"": ""leisure""}",3410280078397
172,1749742834,1.19,"{""type"": ""leisure""}",3760299411211
172,1749742834,1.19,"{""type"": ""leisure""}",3111900307032
172,1749742834,1.19,"{""type"": ""leisure""}",3412290071788
172,1749742834,1.19,"{""type"": ""leisure""}",3222472475866
356,1749742869,1.65,"{""type"": ""rushed""}",3700866611576
141,1749742907,0.69,"{""type"": ""browser""}",
106,1749742969,1.2,"{""type"": ""leisure""}",5400606002210
106,1749742969,1.2,"{""type"": ""leisure""}",3036710217800
106,1749742969,1.2,"{""type"": ""leisure""}",99461958954352
534,1749742988,0.64,"{""type"": ""browser""}",
579,1749743040,0.82,,
357,1749743077,0.63,"{""type"": ""browser""}",
891,1749743110,1.58,,
516,1749743115,1.49,"{""type"": ""business""}",3290352013156
516,1749743115,1.49,"{""type"": ""business""}",5412138403311
589,1749743118,0.95,,3760018560480
589,1749743118,0.95,,3331720000245
589,1749743118,0.95,,8000845999974
589,1749743118,0.95,,3289090001853
833,1749743134,1.37,,
846,1749743243,1.83,"{""type"": ""rushed""}",2022000017138
828,1749743259,1.7,,3421557502422
483,1749743313,1.08,"{""type"": ""leisure""}",3560070279319
483,1749743313,1.08,"{""type"": ""leisure""}",3511243139800
483,1749743313,1.08,"{""type"": ""leisure""}",8007290231208
841,1749743477,1.67,"{""type"": ""rushed""}",26033105
594,1749743494,0.78,"{""type"": ""browser""}",
566,1749743502,1.47,"{""type"": ""business""}",3263856858219
566,1749743502,1.47,"{""type"": ""business""}",3259456002992
169,1749743550,1.06,"{""type"": ""leisure""}",3760059929796
169,1749743550,1.06,"{""type"": ""leisure""}",3276550563501
169,1749743550,1.06,"{""type"": ""leisure""}",2011000019006
169,1749743550,1.06,"{""type"": ""leisure""}",8423699111512
669,1749743635,0.87,,
596,1749743709,0.61,,
607,1749743737,1.03,"{""type"": ""leisure""}",8033413731317
995,1749743871,1.01,"{""type"": ""leisure""}",3222473631216
995,1749743871,1.01,"{""type"": ""leisure""}",0200707030830
995,1749743871,1.01,"{""type"": ""leisure""}",2000000020507
995,1749743871,1.01,"{""type"": ""leisure""}",3591591215036
304,1749743913,1.62,"{""type"": ""rushed""}",
597,1749743949,1.82,"{""type"": ""rushed""}",
997,1749743951,0.64,"{""type"": ""browser""}",
720,1749744030,1.04,"{""type"": ""leisure""}",3250391043590
720,1749744030,1.04,"{""type"": ""leisure""}",3256221134797
720,1749744030,1.04,"{""type"": ""leisure""}",3290353013155
959,1749744102,1.61,"{""type"": ""rushed""}",
121,1749744303,0.84,"{""type"": ""browser""}",
468,1749744308,1.04,"{""type"": ""leisure""}",3290352015150
468,1749744308,1.04,"{""type"": ""leisure""}",3560070440191
849,1749744339,1.49,"{""type"": ""business""}",3421557501272
153,1749744382,0.97,"{""type"": ""leisure""}",20276614
817,1749744396,0.72,,
174,1749744611,0.8,"{""type"": ""browser""}",
438,1749744647,1.41,"{""type"": ""business""}",
166,1749744711,1.36,"{""type"": ""business""}",3560070701377
166,1749744711,1.36,"{""type"": ""business""}",20232542
834,1749744745,1.69,"{""type"": ""rushed""}",
258,1749744802,1.57,"{""type"": ""business""}",20107868
185,1749744909,1.49,"{""type"": ""business""}",0202395009846
185,1749744909,1.49,"{""type"": ""business""}",3564700405413
831,1749744925,0.61,,
624,1749744940,1.46,,
328,1749744941,1.44,"{""type"": ""business""}",
527,1749744971,1.86,"{""type"": ""rushed""}",
671,1749745014,0.86,"{""type"": ""browser""}",
529,1749745016,1.08,"{""type"": ""leisure""}",6181100099119
529,1749745016,1.08,"{""type"": ""leisure""}",3560070751235
529,1749745016,1.08,"{""type"": ""leisure""}",3596710434985
316,1749745017,1.51,"{""type"": ""business""}",3560071479152
462,1749745050,1.66,"{""type"": ""rushed""}",7613269799184
549,1749745069,1.61,"{""type"": ""business""}",3245411307769
514,1749745150,0.68,"{""type"": ""browser""}",
254,1749745244,1.55,,
746,1749745244,1.01,"{""type"": ""leisure""}",3443271333014
746,1749745244,1.01,"{""type"": ""leisure""}",3275179075884
19,1749745379,1.44,"{""type"": ""business""}",3560070488483
19,1749745379,1.44,"{""type"": ""business""}",3113934004550
748,1749745390,1.59,"{""type"": ""business""}",3560071114534
748,1749745390,1.59,"{""type"": ""business""}",3367651005349
576,1749745466,1.37,"{""type"": ""business""}",
753,1749745504,1.04,"{""type"": ""leisure""}",3256224641872
753,1749745504,1.04,"{""type"": ""leisure""}",8008857200194
753,1749745504,1.04,"{""type"": ""leisure""}",0260140016402
753,1749745504,1.04,"{""type"": ""leisure""}",7640134912119
753,1749745504,1.04,"{""type"": ""leisure""}",3760243010088
826,1749745728,0.81,,
726,1749745730,1.19,"{""type"": ""leisure""}",3323790322181
726,1749745730,1.19,"{""type"": ""leisure""}",3267850000018
794,1749745731,1.57,,8710447328095
794,1749745731,1.57,,7640134912119
197,1749745745,1.54,"{""type"": ""business""}",
577,1749745794,0.61,"{""type"": ""browser""}",
540,1749745856,0.67,"{""type"": ""browser""}",
683,1749745900,1.03,"{""type"": ""leisure""}",3760305040916
683,1749745900,1.03,"{""type"": ""leisure""}",6194043402915
683,1749745900,1.03,"{""type"": ""leisure""}",3565490002165
584,1749745921,0.85,"{""type"": ""browser""}",
47,1749745965,1.61,"{""type"": ""business""}",3350033197596
47,1749745965,1.61,"{""type"": ""business""}",3257982269469
606,1749746072,1.35,"{""type"": ""business""}",
780,1749746089,0.84,"{""type"": ""browser""}",
227,1749746180,1.47,"{""type"": ""business""}",3700311821734
227,1749746180,1.47,"{""type"": ""business""}",3564700874479
811,1749746217,0.64,,
281,1749746258,1.97,"{""type"": ""rushed""}",3292090000368
277,1749746259,1.96,"{""type"": ""rushed""}",3551720037274
840,1749746331,1.43,"{""type"": ""business""}",6194003320082
820,1749746365,1.35,"{""type"": ""business""}",
563,1749746436,1.12,"{""type"": ""leisure""}",3700392498894
57,1749746440,1.5,"{""type"": ""business""}",7610209060342
57,1749746440,1.5,"{""type"": ""business""}",3292090000214
313,1749746461,1.19,,3560070391424
313,1749746461,1.19,,3596710464937
313,1749746461,1.19,,3248830802563
313,1749746461,1.19,,5400247061799
313,1749746461,1.19,,7613076837284
789,1749746490,1.59,"{""type"": ""business""}",2489518021383
587,1749746570,1.43,"{""type"": ""business""}",
389,1749746645,1.38,"{""type"": ""business""}",2100199005508
389,1749746645,1.38,"{""type"": ""business""}",3770019455029
870,1749746650,0.91,,3276550087038
870,1749746650,0.91,,3560071457693
575,1749746706,1.53,"{""type"": ""business""}",3564700571781
472,1749746707,0.93,"{""type"": ""leisure""}",2000000039541
472,1749746707,0.93,"{""type"": ""leisure""}",3179142787401
472,1749746707,0.93,"{""type"": ""leisure""}",3560070391424
472,1749746707,0.93,"{""type"": ""leisure""}",7617014173632
567,1749746731,1.61,"{""type"": ""business""}",
30,1749746748,1.64,"{""type"": ""rushed""}",3282946014397
146,1749746758,0.61,,
824,1749746806,1.64,,3175681261365
110,1749746843,0.94,"{""type"": ""leisure""}",8690504519096
110,1749746843,0.94,"{""type"": ""leisure""}",3260924006169
110,1749746843,0.94,"{""type"": ""leisure""}",3229820112046
381,1749746927,0.95,"{""type"": ""leisure""}",3760039501820
381,1749746927,0.95,"{""type"": ""leisure""}",5413415200302
381,1749746927,0.95,"{""type"": ""leisure""}",3596710160747
381,1749746927,0.95,"{""type"": ""leisure""}",3564700769188
598,1749746948,1.77,"{""type"": ""rushed""}",3410280022581
24,1749746990,0.71,,
210,1749746995,0.7,,
91,1749747028,1.71,"{""type"": ""rushed""}",3700311821062
560,1749747098,0.96,,3257971080112
560,1749747098,0.96,,3760305040916
560,1749747098,0.96,,3596710533893
560,1749747098,0.96,,26073347
560,1749747098,0.96,,3276550272403
739,1749747213,1.45,"{""type"": ""business""}",
486,1749747352,1.8,"{""type"": ""rushed""}",3760270250044
69,1749747395,1.56,"{""type"": ""business""}",
610,1749747449,1.63,"{""type"": ""business""}",5000112599220
610,1749747449,1.63,"{""type"": ""business""}",3173281224087
390,1749747549,0.86,"{""type"": ""browser""}",
799,1749747598,1.78,"{""type"": ""rushed""}",
458,1749747721,0.98,"{""type"": ""leisure""}",3564700347805
458,1749747721,0.98,"{""type"": ""leisure""}",3302740047534
458,1749747721,0.98,"{""type"": ""leisure""}",26003122
458,1749747721,0.98,"{""type"": ""leisure""}",3564700027516
458,1749747721,0.98,"{""type"": ""leisure""}",3250391371167
506,1749747762,0.93,"{""type"": ""leisure""}",3561864220425
506,1749747762,0.93,"{""type"": ""leisure""}",3222472475866
506,1749747762,0.93,"{""type"": ""leisure""}",7610036000825
506,1749747762,0.93,"{""type"": ""leisure""}",3256228975997
506,1749747762,0.93,"{""type"": ""leisure""}",3760160680685
928,1749747790,1.5,"{""type"": ""business""}",3523680495463
928,1749747790,1.5,"{""type"": ""business""}",3245412343810
625,1749747878,1.5,"{""type"": ""business""}",
347,1749747961,1.46,"{""type"": ""business""}",3760305040695
347,1749747961,1.46,"{""type"": ""business""}",8059070741599
895,1749748041,1.62,"{""type"": ""business""}",3563490010265
875,1749748070,1.92,"{""type"": ""rushed""}",
938,1749748137,0.7,"{""type"": ""browser""}",
910,1749748150,1.35,"{""type"": ""business""}",
447,1749748310,0.79,"{""type"": ""browser""}",
10,1749748320,0.98,"{""type"": ""leisure""}",3254381029229
979,1749748360,0.89,,
767,1749748366,1.92,"{""type"": ""rushed""}",
113,1749748458,0.85,"{""type"": ""browser""}",
611,1749748572,1.61,"{""type"": ""rushed""}",
766,1749748669,0.92,,20977993
766,1749748669,0.92,,8413239012706
766,1749748669,0.92,,3700866611576
766,1749748669,0.92,,3581084101502
2,1749748748,1.9,"{""type"": ""rushed""}",
512,1749748752,0.99,,3233990000539
885,1749748772,0.8,"{""type"": ""browser""}",
809,1749748814,1.11,"{""type"": ""leisure""}",3560070791118
809,1749748814,1.11,"{""type"": ""leisure""}",2030507984778
341,1749749076,1.13,"{""type"": ""leisure""}",3588570002527
958,1749749143,0.97,"{""type"": ""leisure""}",3237580165318
958,1749749143,0.97,"{""type"": ""leisure""}",3700181513159
958,1749749143,0.97,"{""type"": ""leisure""}",3507260010284
805,1749749194,1.56,"{""type"": ""business""}",4260363486088
135,1749749252,1.63,"{""type"": ""business""}",
322,1749749254,0.88,"{""type"": ""browser""}",
961,1749749308,0.64,"{""type"": ""browser""}",
945,1749749312,1.58,"{""type"": ""business""}",3662790000379
931,1749749316,1.82,"{""type"": ""rushed""}",2000000151533
754,1749749324,1.45,,3331220001001
665,1749749354,1.09,,2254593021197
424,1749749376,1.09,"{""type"": ""leisure""}",3571495110354
488,1749749378,1.81,"{""type"": ""rushed""}",8076809538008
970,1749749453,1.53,"{""type"": ""business""}",20294946
108,1749749578,1.08,,7610807051940
108,1749749578,1.08,,2254593020992
108,1749749578,1.08,,7613035010550
545,1749749658,0.84,"{""type"": ""browser""}",
87,1749749660,1.6,,
97,1749749736,1.42,"{""type"": ""business""}",3560070822829
97,1749749736,1.42,"{""type"": ""business""}",3439496601526
175,1749749847,1.71,"{""type"": ""rushed""}",
374,1749749928,1.97,"{""type"": ""rushed""}",7617400030716
729,1749750020,1.82,"{""type"": ""rushed""}",20977993
704,1749750047,1.54,"{""type"": ""business""}",
127,1749750111,0.67,"{""type"": ""browser""}",
902,1749750141,1.56,"{""type"": ""business""}",
111,1749750257,1.76,"{""type"": ""rushed""}",7610248503404
821,1749750278,1.45,"{""type"": ""business""}",3760094311280
234,1749750289,1.86,"{""type"": ""rushed""}",3350033259591
262,1749750309,0.93,"{""type"": ""leisure""}",5400101008281
416,1749750322,0.85,"{""type"": ""browser""}",
785,1749750420,1.53,"{""type"": ""business""}",3564700347805
785,1749750420,1.53,"{""type"": ""business""}",3560070443291
561,1749750454,1.16,"{""type"": ""leisure""}",8005658018126
561,1749750454,1.16,"{""type"": ""leisure""}",3560070440191
561,1749750454,1.16,"{""type"": ""leisure""}",3268840001008
561,1749750454,1.16,"{""type"": ""leisure""}",3760014900099
369,1749750540,1.44,"{""type"": ""business""}",3419280053618
369,1749750540,1.44,"{""type"": ""business""}",8720181075469
793,1749750595,1.01,"{""type"": ""leisure""}",8711600504141
793,1749750595,1.01,"{""type"": ""leisure""}",3410280024547
793,1749750595,1.01,"{""type"": ""leisure""}",3700817700373
793,1749750595,1.01,"{""type"": ""leisure""}",7610248506504
793,1749750595,1.01,"{""type"": ""leisure""}",3288110826162
992,1749750780,1.1,"{""type"": ""leisure""}",3263859855116
992,1749750780,1.1,"{""type"": ""leisure""}",3580283511310
992,1749750780,1.1,"{""type"": ""leisure""}",3492848072009
992,1749750780,1.1,"{""type"": ""leisure""}",3222472772958
259,1749750847,1.07,"{""type"": ""leisure""}",4304218414168
259,1749750847,1.07,"{""type"": ""leisure""}",3263855093208
259,1749750847,1.07,"{""type"": ""leisure""}",3781406702503
259,1749750847,1.07,"{""type"": ""leisure""}",99461958954352
240,1749750886,1.42,"{""type"": ""business""}",3760154260510
240,1749750886,1.42,"{""type"": ""business""}",3245414394155
233,1749750900,1.63,"{""type"": ""rushed""}",3760109053891
473,1749750902,1.5,"{""type"": ""business""}",
484,1749751002,1.64,"{""type"": ""business""}",3760271630012
484,1749751002,1.64,"{""type"": ""business""}",3596710434985
777,1749751055,1.83,,7640134912119
904,1749751097,0.77,"{""type"": ""browser""}",
730,1749751103,1.17,,20072407
730,1749751103,1.17,,8032764330040
730,1749751103,1.17,,0239920012927
730,1749751103,1.17,,3564700757512
658,1749751237,0.67,"{""type"": ""browser""}",
588,1749751409,1.15,"{""type"": ""leisure""}",5425015401034
588,1749751409,1.15,"{""type"": ""leisure""}",3564700119440
717,1749751549,0.94,"{""type"": ""leisure""}",3259232521006
717,1749751549,0.94,"{""type"": ""leisure""}",3119780258543
717,1749751549,0.94,"{""type"": ""leisure""}",3560071524746
724,1749751599,0.69,"{""type"": ""browser""}",
312,1749751606,1.51,"{""type"": ""business""}",
145,1749751646,1.91,"{""type"": ""rushed""}",
150,1749751862,0.8,"{""type"": ""browser""}",
305,1749751868,1.87,"{""type"": ""rushed""}",
751,1749751874,1.07,"{""type"": ""leisure""}",3760269680555
303,1749751886,1.6,"{""type"": ""business""}",
923,1749751926,0.75,"{""type"": ""browser""}",
614,1749751988,1.15,"{""type"": ""leisure""}",3560071225087
614,1749751988,1.15,"{""type"": ""leisure""}",3596710510436
614,1749751988,1.15,"{""type"": ""leisure""}",3270190127871
614,1749751988,1.15,"{""type"": ""leisure""}",99461958954352
614,1749751988,1.15,"{""type"": ""leisure""}",3014680041649
661,1749752125,1.36,"{""type"": ""business""}",5400501953259
661,1749752125,1.36,"{""type"": ""business""}",00898607
350,1749752251,1.39,"{""type"": ""business""}",3416185015499
37,1749752274,2.0,"{""type"": ""rushed""}",3283040827449
384,1749752291,1.14,"{""type"": ""leisure""}",3560071030360
689,1749752293,1.14,,26003146
689,1749752293,1.14,,20638634
689,1749752293,1.14,,3596710416929
689,1749752293,1.14,,3276550087038
218,1749752434,1.1,"{""type"": ""leisure""}",3282946047074
498,1749752477,1.42,"{""type"": ""business""}",3222472475866
498,1749752477,1.42,"{""type"": ""business""}",3564700405413
443,1749752503,1.11,"{""type"": ""leisure""}",3560070453276
443,1749752503,1.11,"{""type"": ""leisure""}",3419390003541
827,1749752590,1.68,"{""type"": ""rushed""}",
696,1749752612,1.06,,8714800038454
696,1749752612,1.06,,3222476641939
53,1749752671,1.63,"{""type"": ""business""}",3596710434985
835,1749752760,0.8,,
412,1749752770,1.12,"{""type"": ""leisure""}",2000000197715
879,1749752798,1.51,"{""type"": ""business""}",0206028035554
879,1749752798,1.51,"{""type"": ""business""}",3760299411211
99,1749752805,1.5,"{""type"": ""business""}",3291820013791
99,1749752805,1.5,"{""type"": ""business""}",7613269799184
49,1749752977,1.48,"{""type"": ""business""}",3369680002214
49,1749752977,1.48,"{""type"": ""business""}",3488760000039
307,1749752993,1.39,"{""type"": ""business""}",3398980035899
398,1749753007,1.1,,8437014001167
398,1749753007,1.1,,3560070823956
363,1749753061,1.13,"{""type"": ""leisure""}",3274080005003
363,1749753061,1.13,"{""type"": ""leisure""}",20593988
363,1749753061,1.13,"{""type"": ""leisure""}",2089970001093
363,1749753061,1.13,"{""type"": ""leisure""}",3270190194392
531,1749753061,0.82,"{""type"": ""browser""}",
446,1749753246,1.37,"{""type"": ""business""}",6111248360116
182,1749753356,1.48,"{""type"": ""business""}",
391,1749753410,1.02,"{""type"": ""leisure""}",5099873012659
85,1749753416,1.89,"{""type"": ""rushed""}",
648,1749753480,1.09,"{""type"": ""leisure""}",8693495050692
648,1749753480,1.09,"{""type"": ""leisure""}",3560070450763
648,1749753480,1.09,"{""type"": ""leisure""}",3288110826162
648,1749753480,1.09,"{""type"": ""leisure""}",3560070959518
648,1749753480,1.09,"{""type"": ""leisure""}",3257984437972
370,1749753558,1.59,"{""type"": ""business""}",
703,1749753575,0.98,"{""type"": ""leisure""}",3560071172374
703,1749753575,0.98,"{""type"": ""leisure""}",7610200423955
703,1749753575,0.98,"{""type"": ""leisure""}",3250391671557
703,1749753575,0.98,"{""type"": ""leisure""}",3560070748488
93,1749753583,1.04,"{""type"": ""leisure""}",3248830723479
93,1749753583,1.04,"{""type"": ""leisure""}",3256220361118
93,1749753583,1.04,"{""type"": ""leisure""}",3560071257514
93,1749753583,1.04,"{""type"": ""leisure""}",3113930600701
93,1749753583,1.04,"{""type"": ""leisure""}",3242272864257
459,1749753698,1.56,,
203,1749753708,1.9,"{""type"": ""rushed""}",3292090235265
996,1749753719,1.19,,3333040008055
996,1749753719,1.19,,3760017731416
290,1749753956,0.61,"{""type"": ""browser""}",
700,1749754058,1.12,,3564700381991
134,1749754168,1.8,"{""type"": ""rushed""}",
542,1749754258,1.74,"{""type"": ""rushed""}",3277510001095
495,1749754285,1.58,"{""type"": ""business""}",3288110826162
495,1749754285,1.58,"{""type"": ""business""}",3222475628313
908,1749754405,1.14,,3560071231132
105,1749754498,1.47,"{""type"": ""business""}",3228470038744
105,1749754498,1.47,"{""type"": ""business""}",3560071010065
896,1749754516,1.43,"{""type"": ""business""}",
963,1749754649,0.79,"{""type"": ""browser""}",
884,1749754672,1.43,,
969,1749754705,1.15,"{""type"": ""leisure""}",3222476101839
969,1749754705,1.15,"{""type"": ""leisure""}",7613034121424
288,1749754795,0.94,"{""type"": ""leisure""}",3123456007892
288,1749754795,0.94,"{""type"": ""leisure""}",3662790000379
288,1749754795,0.94,"{""type"": ""leisure""}",3283040348111
288,1749754795,0.94,"{""type"": ""leisure""}",3596710333356
327,1749754797,1.08,"{""type"": ""leisure""}",3560071251369
327,1749754797,1.08,"{""type"": ""leisure""}",3151389702096
327,1749754797,1.08,"{""type"": ""leisure""}",0084501814311
327,1749754797,1.08,"{""type"": ""leisure""}",3560070738168
327,1749754797,1.08,"{""type"": ""leisure""}",3596710220403
734,1749754807,1.56,"{""type"": ""business""}",3267851000116
716,1749754865,0.64,"{""type"": ""browser""}",
419,1749754884,0.96,"{""type"": ""leisure""}",0200707030830
419,1749754884,0.96,"{""type"": ""leisure""}",4909411084318
419,1749754884,0.96,"{""type"": ""leisure""}",3700931537046
393,1749754886,0.62,,
503,1749754944,1.81,"{""type"": ""rushed""}",
695,1749755113,1.11,"{""type"": ""leisure""}",3179732324818
695,1749755113,1.11,"{""type"": ""leisure""}",59083153
604,1749755137,1.11,"{""type"": ""leisure""}",3596710443420
604,1749755137,1.11,"{""type"": ""leisure""}",7617400034486
507,1749755384,1.71,"{""type"": ""rushed""}",
964,1749755482,1.63,"{""type"": ""business""}",26064222
423,1749755580,1.64,"{""type"": ""business""}",
339,1749755647,0.67,"{""type"": ""browser""}",
260,1749755708,0.89,"{""type"": ""browser""}",
399,1749755713,1.15,"{""type"": ""leisure""}",3596710419524
399,1749755713,1.15,"{""type"": ""leisure""}",3270190131328
399,1749755713,1.15,"{""type"": ""leisure""}",3560071251369
547,1749755800,1.59,"{""type"": ""business""}",0204599013254
547,1749755800,1.59,"{""type"": ""business""}",3329630924003
332,1749755808,1.73,,3222475634291
64,1749755895,1.52,"{""type"": ""business""}",3229820803852
64,1749755895,1.52,"{""type"": ""business""}",3560071009755
109,1749756031,0.84,"{""type"": ""browser""}",
745,1749756054,1.99,"{""type"": ""rushed""}",3760154260510
601,1749756135,1.6,"{""type"": ""rushed""}",
894,1749756253,1.35,"{""type"": ""business""}",3596710333271
192,1749756292,1.12,"{""type"": ""leisure""}",54085190
129,1749756330,0.85,"{""type"": ""browser""}",
138,1749756338,0.95,,5420019836493
138,1749756338,0.95,,0205202026111
137,1749756576,1.37,"{""type"": ""business""}",7617014166474
651,1749756616,1.6,"{""type"": ""rushed""}",26073347
993,1749756634,0.77,"{""type"": ""browser""}",
948,1749756635,1.6,"{""type"": ""business""}",2000000197715
806,1749756652,1.48,"{""type"": ""business""}",3270190194392
806,1749756652,1.48,"{""type"": ""business""}",3410280078397
163,1749756731,0.95,,3329630924003
223,1749756785,1.46,"{""type"": ""business""}",3270190207924
656,1749756793,1.05,"{""type"": ""leisure""}",3760089510148
656,1749756793,1.05,"{""type"": ""leisure""}",3057640234163
656,1749756793,1.05,"{""type"": ""leisure""}",3564700690154
599,1749756979,1.49,"{""type"": ""business""}",3500870064661
439,1749756987,1.6,,3254560599956
309,1749757013,1.19,"{""type"": ""leisure""}",3256222245218
309,1749757013,1.19,"{""type"": ""leisure""}",5400101008281
309,1749757013,1.19,"{""type"": ""leisure""}",3473360900506
309,1749757013,1.19,"{""type"": ""leisure""}",3012992421005
888,1749757070,0.73,"{""type"": ""browser""}",
632,1749757096,1.69,"{""type"": ""rushed""}",3350033156425
70,1749757098,1.64,"{""type"": ""business""}",3564700010860
70,1749757098,1.64,"{""type"": ""business""}",0038000862304
140,1749757132,1.79,"{""type"": ""rushed""}",3254383004316
955,1749757211,1.9,"{""type"": ""rushed""}",
749,1749757224,1.09,"{""type"": ""leisure""}",0202513028735
60,1749757255,1.51,"{""type"": ""business""}",3028440003198
60,1749757255,1.51,"{""type"": ""business""}",3505340030139
4,1749757446,1.95,"{""type"": ""rushed""}",
636,1749757485,0.98,"{""type"": ""leisure""}",27066577
485,1749757486,0.78,"{""type"": ""browser""}",
436,1749757510,1.61,"{""type"": ""business""}",3596710488537
220,1749757582,1.65,,3596710404483
346,1749757634,1.81,,
616,1749757690,0.84,"{""type"": ""browser""}",
511,1749757692,1.4,"{""type"": ""business""}",
385,1749757704,1.13,"{""type"": ""leisure""}",3560071011154
385,1749757704,1.13,"{""type"": ""leisure""}",3273120011141
546,1749757748,1.49,"{""type"": ""business""}",3245413921857
546,1749757748,1.49,"{""type"": ""business""}",3338580024619
537,1749757827,1.39,"{""type"": ""business""}",7640134912119
433,1749757896,1.59,,3700817700380
433,1749757896,1.59,,3760305040695
297,1749758033,1.73,"{""type"": ""rushed""}",3560070206469
701,1749758148,0.69,"{""type"": ""browser""}",
609,1749758154,0.65,"{""type"": ""browser""}",
591,1749758224,1.71,"{""type"": ""rushed""}",
718,1749758250,1.17,"{""type"": ""leisure""}",3560070825035
718,1749758250,1.17,"{""type"": ""leisure""}",3228479013599
718,1749758250,1.17,"{""type"": ""leisure""}",3760305040961
12,1749758257,1.36,"{""type"": ""business""}",3254381048831
778,1749758272,1.03,"{""type"": ""leisure""}",3560071181116
778,1749758272,1.03,"{""type"": ""leisure""}",0200422017581
778,1749758272,1.03,"{""type"": ""leisure""}",3250392765910
559,1749758277,0.83,"{""type"": ""browser""}",
464,1749758307,1.09,"{""type"": ""leisure""}",3065620052133
464,1749758307,1.09,"{""type"": ""leisure""}",4902179008824
464,1749758307,1.09,"{""type"": ""leisure""}",27035863
464,1749758307,1.09,"{""type"": ""leisure""}",3443271163031
464,1749758307,1.09,"{""type"": ""leisure""}",3359952005005
557,1749758381,0.83,,
725,1749758598,1.16,"{""type"": ""leisure""}",3660014119371
725,1749758598,1.16,"{""type"": ""leisure""}",3254560027329
372,1749758695,1.7,"{""type"": ""rushed""}",99461958954352
90,1749758710,1.78,"{""type"": ""rushed""}",
757,1749758759,1.19,"{""type"": ""leisure""}",20769192
757,1749758759,1.19,"{""type"": ""leisure""}",3760059582021
211,1749758779,1.04,"{""type"": ""leisure""}",2000005351013
211,1749758779,1.04,"{""type"": ""leisure""}",3350030121693
160,1749758782,1.58,"{""type"": ""business""}",
171,1749758911,1.38,,3257980112736
81,1749758920,1.48,"{""type"": ""business""}",
123,1749758935,1.4,"{""type"": ""business""}",3596710467969
123,1749758935,1.4,"{""type"": ""business""}",0255911006560
893,1749758944,1.46,"{""type"": ""business""}",0260140016402
893,1749758944,1.46,"{""type"": ""business""}",0038000862304
76,1749758984,1.48,"{""type"": ""business""}",3228470038744
76,1749758984,1.48,"{""type"": ""business""}",6111017000755
311,1749759015,0.97,"{""type"": ""leisure""}",8711700965002
311,1749759015,0.97,"{""type"": ""leisure""}",3760173500000
311,1749759015,0.97,"{""type"": ""leisure""}",3222476703194
311,1749759015,0.97,"{""type"": ""leisure""}",5010327000497
311,1749759015,0.97,"{""type"": ""leisure""}",3770013079153
829,1749759073,1.14,,3450970070782
50,1749759096,1.01,,7613035866393
50,1749759096,1.01,,20146160
50,1749759096,1.01,,3276550272403
50,1749759096,1.01,,3177890002005
50,1749759096,1.01,,7610695000525
568,1749759106,1.43,"{""type"": ""business""}",
989,1749759119,0.95,"{""type"": ""leisure""}",3700105267007
989,1749759119,0.95,"{""type"": ""leisure""}",3560071081270
989,1749759119,0.95,"{""type"": ""leisure""}",3372900018155
989,1749759119,0.95,"{""type"": ""leisure""}",3554983007466
989,1749759119,0.95,"{""type"": ""leisure""}",3367651007008
212,1749759120,1.39,"{""type"": ""business""}",4062300037038
212,1749759120,1.39,"{""type"": ""business""}",3760125980300
273,1749759201,1.47,"{""type"": ""business""}",3267850000285
740,1749759320,1.84,"{""type"": ""rushed""}",3263855093208
517,1749759354,0.82,"{""type"": ""browser""}",
635,1749759382,1.54,"{""type"": ""business""}",00898607
434,1749759399,1.2,"{""type"": ""leisure""}",3700105267045
434,1749759399,1.2,"{""type"": ""leisure""}",3760067855797
543,1749759541,1.81,"{""type"": ""rushed""}",3564700027486
953,1749759630,0.64,"{""type"": ""browser""}",
470,1749759636,1.05,"{""type"": ""leisure""}",3560070339143
440,1749759874,1.81,"{""type"": ""rushed""}",7610200423955
375,1749759919,0.82,"{""type"": ""browser""}",
34,1749760020,0.67,"{""type"": ""browser""}",
690,1749760071,1.84,"{""type"": ""rushed""}",
376,1749760112,1.63,"{""type"": ""rushed""}",3560070443291
88,1749760124,1.87,"{""type"": ""rushed""}",
92,1749760217,1.42,"{""type"": ""business""}",
569,1749760253,1.62,"{""type"": ""rushed""}",3179750020266
133,1749760259,0.8,"{""type"": ""browser""}",
378,1749760607,1.4,,3596710306381
15,1749760833,1.64,"{""type"": ""rushed""}",
247,1749760858,1.57,"{""type"": ""business""}",3258561471051
247,1749760858,1.57,"{""type"": ""business""}",4791066004083
7,1749760872,1.74,"{""type"": ""rushed""}",
493,1749760917,1.56,"{""type"": ""business""}",
662,1749761000,0.8,"{""type"": ""browser""}",
243,1749761008,1.36,"{""type"": ""business""}",
480,1749761064,1.13,"{""type"": ""leisure""}",3564700002711
360,1749761122,1.74,"{""type"": ""rushed""}",
149,1749761442,1.0,"{""type"": ""leisure""}",3263857281511
294,1749761561,1.62,"{""type"": ""rushed""}",
787,1749761595,1.55,,
623,1749761596,1.71,"{""type"": ""rushed""}",
365,1749761731,1.65,"{""type"": ""business""}",0200707030830
965,1749761859,1.97,"{""type"": ""rushed""}",
